LAYOUT(&ports): pre=0x55ef07e2b4d4 acc_i=0x55ef07e2b4f4 f=0x55ef07e2b508 h=0x55ef07e2b52c ll=0x55ef07e2b54c acc_o=0x55ef07e2b55c wd=0x55ef07e2b570 | mode=0x55ef07e2b4cd cyc=0x55ef07e2b4cf
P3 Fold Unit TB（双调度）: 21 vectors × 2 模式；overlap 完成 c21(22 拍)，serial 完成 c27(28 拍)
CYC 01_zero#overlap 3 | tb=0x0 | model=0x0 | OK
CYC 01_zero#overlap 10 | tb=0x0 | model=0x0 | OK
CYC 01_zero#overlap 11 | tb=0x0 | model=0x0 | OK
CYC 01_zero#overlap 12 | tb=0x0 | model=0x0 | OK
CYC 01_zero#overlap 13 | tb=0x0 | model=0x0 | OK
CYC 01_zero#overlap 14 | tb=0x0 | model=0x0 | OK
CYC 01_zero#overlap 15 | tb=0x0 | model=0x0 | OK
CYC 01_zero#overlap 16 | tb=0x0 | model=0x0 | OK
CYC 01_zero#overlap 17 | tb=0x0 | model=0x0 | OK
CYC 01_zero#overlap 18 | tb=0x0 | model=0x0 | OK
CYC 01_zero#overlap 19 | tb=0x0 | model=0x0 | OK
CYC 01_zero#overlap 20 | tb=0x0 | model=0x0 | OK
CYC 01_zero#overlap 21 | tb=0x0 | model=0x0 | OK
CYC 01_zero#serial 3 | tb=0x0 | model=0x0 | OK
CYC 01_zero#serial 4 | tb=0x0 | model=0x0 | OK
CYC 01_zero#serial 5 | tb=0x0 | model=0x0 | OK
CYC 01_zero#serial 6 | tb=0x0 | model=0x0 | OK
CYC 01_zero#serial 7 | tb=0x0 | model=0x0 | OK
CYC 01_zero#serial 8 | tb=0x0 | model=0x0 | OK
CYC 01_zero#serial 9 | tb=0x0 | model=0x0 | OK
CYC 01_zero#serial 10 | tb=0x0 | model=0x0 | OK
CYC 01_zero#serial 11 | tb=0x0 | model=0x0 | OK
CYC 01_zero#serial 12 | tb=0x0 | model=0x0 | OK
CYC 01_zero#serial 13 | tb=0x0 | model=0x0 | OK
CYC 01_zero#serial 14 | tb=0x0 | model=0x0 | OK
CYC 01_zero#serial 15 | tb=0x0 | model=0x0 | OK
CYC 01_zero#serial 16 | tb=0x0 | model=0x0 | OK
CYC 01_zero#serial 17 | tb=0x0 | model=0x0 | OK
CYC 01_zero#serial 18 | tb=0x0 | model=0x0 | OK
CYC 01_zero#serial 19 | tb=0x0 | model=0x0 | OK
CYC 01_zero#serial 20 | tb=0x0 | model=0x0 | OK
CYC 01_zero#serial 21 | tb=0x0 | model=0x0 | OK
CYC 01_zero#serial 22 | tb=0x0 | model=0x0 | OK
CYC 01_zero#serial 23 | tb=0x0 | model=0x0 | OK
CYC 01_zero#serial 24 | tb=0x0 | model=0x0 | OK
CYC 01_zero#serial 25 | tb=0x0 | model=0x0 | OK
CYC 01_zero#serial 26 | tb=0x0 | model=0x0 | OK
CYC 01_zero#serial 27 | tb=0x0 | model=0x0 | OK
CYC 02_one#overlap 3 | tb=0x0 | model=0x0 | OK
CYC 02_one#overlap 10 | tb=0x0 | model=0x0 | OK
CYC 02_one#overlap 11 | tb=0x0 | model=0x0 | OK
CYC 02_one#overlap 12 | tb=0x0 | model=0x0 | OK
CYC 02_one#overlap 13 | tb=0x0 | model=0x0 | OK
CYC 02_one#overlap 14 | tb=0x0 | model=0x0 | OK
CYC 02_one#overlap 15 | tb=0x0 | model=0x0 | OK
CYC 02_one#overlap 16 | tb=0x0 | model=0x0 | OK
CYC 02_one#overlap 17 | tb=0x0 | model=0x0 | OK
CYC 02_one#overlap 18 | tb=0x1 | model=0x1 | OK
CYC 02_one#overlap 19 | tb=0x1 | model=0x1 | OK
CYC 02_one#overlap 20 | tb=0x1 | model=0x1 | OK
CYC 02_one#overlap 21 | tb=0x1 | model=0x1 | OK
CYC 02_one#serial 3 | tb=0x0 | model=0x0 | OK
CYC 02_one#serial 4 | tb=0x0 | model=0x0 | OK
CYC 02_one#serial 5 | tb=0x0 | model=0x0 | OK
CYC 02_one#serial 6 | tb=0x0 | model=0x0 | OK
CYC 02_one#serial 7 | tb=0x0 | model=0x0 | OK
CYC 02_one#serial 8 | tb=0x0 | model=0x0 | OK
CYC 02_one#serial 9 | tb=0x0 | model=0x0 | OK
CYC 02_one#serial 10 | tb=0x0 | model=0x0 | OK
CYC 02_one#serial 11 | tb=0x0 | model=0x0 | OK
CYC 02_one#serial 12 | tb=0x0 | model=0x0 | OK
CYC 02_one#serial 13 | tb=0x0 | model=0x0 | OK
CYC 02_one#serial 14 | tb=0x0 | model=0x0 | OK
CYC 02_one#serial 15 | tb=0x0 | model=0x0 | OK
CYC 02_one#serial 16 | tb=0x0 | model=0x0 | OK
CYC 02_one#serial 17 | tb=0x0 | model=0x0 | OK
CYC 02_one#serial 18 | tb=0x0 | model=0x0 | OK
CYC 02_one#serial 19 | tb=0x0 | model=0x0 | OK
CYC 02_one#serial 20 | tb=0x0 | model=0x0 | OK
CYC 02_one#serial 21 | tb=0x0 | model=0x0 | OK
CYC 02_one#serial 22 | tb=0x0 | model=0x0 | OK
CYC 02_one#serial 23 | tb=0x0 | model=0x0 | OK
CYC 02_one#serial 24 | tb=0x1 | model=0x1 | OK
CYC 02_one#serial 25 | tb=0x1 | model=0x1 | OK
CYC 02_one#serial 26 | tb=0x1 | model=0x1 | OK
CYC 02_one#serial 27 | tb=0x1 | model=0x1 | OK
CYC 03_p_minus_1_squared#overlap 3 | tb=0x3fffffffc000000000000000000000000000000000000000000000000 | model=0x3fffffffc000000000000000000000000000000000000000000000000 | OK
CYC 03_p_minus_1_squared#overlap 10 | tb=0x20000000000000001fffffffc0000000200000002000000000000000000000000 | model=0x20000000000000001fffffffc0000000200000002000000000000000000000000 | OK
CYC 03_p_minus_1_squared#overlap 11 | tb=0x200000001fffffffe00000001fffffffe00000004000000000000000000000000 | model=0x200000001fffffffe00000001fffffffe00000004000000000000000000000000 | OK
CYC 03_p_minus_1_squared#overlap 12 | tb=0x2fffffffefffffffd000000000000000100000002fffffffe00000001fffffffc | model=0x2fffffffefffffffd000000000000000100000002fffffffe00000001fffffffc | OK
CYC 03_p_minus_1_squared#overlap 13 | tb=0x3fffffffcffffffff000000000000000100000002fffffffffffffffffffffffd | model=0x3fffffffcffffffff000000000000000100000002fffffffffffffffffffffffd | OK
CYC 03_p_minus_1_squared#overlap 14 | tb=0x2fffffffe0000000200000001ffffffff0000000600000001fffffffefffffffc | model=0x2fffffffe0000000200000001ffffffff0000000600000001fffffffefffffffc | OK
CYC 03_p_minus_1_squared#overlap 15 | tb=0x2fffffffd00000001000000000000000100000004ffffffff00000000fffffffb | model=0x2fffffffd00000001000000000000000100000004ffffffff00000000fffffffb | OK
CYC 03_p_minus_1_squared#overlap 16 | tb=0x2fffffffc0000000100000000000000000000000600000000fffffffdfffffffd | model=0x2fffffffc0000000100000000000000000000000600000000fffffffdfffffffd | OK
CYC 03_p_minus_1_squared#overlap 17 | tb=0x1fffffffe00000001000000000000000000000005fffffffffffffffffffffffb | model=0x1fffffffe00000001000000000000000000000005fffffffffffffffffffffffb | OK
CYC 03_p_minus_1_squared#overlap 18 | tb=0x1fffffffe00000002000000000000000000000001ffffffffffffffffffffffff | model=0x1fffffffe00000002000000000000000000000001ffffffffffffffffffffffff | OK
CYC 03_p_minus_1_squared#overlap 19 | tb=0xffffffff00000001000000000000000000000001000000000000000000000000 | model=0xffffffff00000001000000000000000000000001000000000000000000000000 | OK
CYC 03_p_minus_1_squared#overlap 20 | tb=0x1 | model=0x1 | OK
CYC 03_p_minus_1_squared#overlap 21 | tb=0x1 | model=0x1 | OK
CYC 03_p_minus_1_squared#serial 3 | tb=0x3fffffffc000000000000000000000000000000000000000000000000 | model=0x3fffffffc000000000000000000000000000000000000000000000000 | OK
CYC 03_p_minus_1_squared#serial 4 | tb=0x3fffffffc000000000000000000000000000000000000000000000000 | model=0x3fffffffc000000000000000000000000000000000000000000000000 | OK
CYC 03_p_minus_1_squared#serial 5 | tb=0x3fffffffc000000000000000000000000000000000000000000000000 | model=0x3fffffffc000000000000000000000000000000000000000000000000 | OK
CYC 03_p_minus_1_squared#serial 6 | tb=0x3fffffffc000000000000000000000000000000000000000000000000 | model=0x3fffffffc000000000000000000000000000000000000000000000000 | OK
CYC 03_p_minus_1_squared#serial 7 | tb=0x3fffffffc000000000000000000000000000000000000000000000000 | model=0x3fffffffc000000000000000000000000000000000000000000000000 | OK
CYC 03_p_minus_1_squared#serial 8 | tb=0x3fffffffc000000000000000000000000000000000000000000000000 | model=0x3fffffffc000000000000000000000000000000000000000000000000 | OK
CYC 03_p_minus_1_squared#serial 9 | tb=0x3fffffffc000000000000000000000000000000000000000000000000 | model=0x3fffffffc000000000000000000000000000000000000000000000000 | OK
CYC 03_p_minus_1_squared#serial 10 | tb=0x3fffffffc000000000000000000000000000000000000000000000000 | model=0x3fffffffc000000000000000000000000000000000000000000000000 | OK
CYC 03_p_minus_1_squared#serial 11 | tb=0x3fffffffc000000000000000000000000000000000000000000000000 | model=0x3fffffffc000000000000000000000000000000000000000000000000 | OK
CYC 03_p_minus_1_squared#serial 12 | tb=0x3fffffffc000000000000000000000000000000000000000000000000 | model=0x3fffffffc000000000000000000000000000000000000000000000000 | OK
CYC 03_p_minus_1_squared#serial 13 | tb=0x3fffffffc000000000000000000000000000000000000000000000000 | model=0x3fffffffc000000000000000000000000000000000000000000000000 | OK
CYC 03_p_minus_1_squared#serial 14 | tb=0x3fffffffc000000000000000000000000000000000000000000000000 | model=0x3fffffffc000000000000000000000000000000000000000000000000 | OK
CYC 03_p_minus_1_squared#serial 15 | tb=0x3fffffffc000000000000000000000000000000000000000000000000 | model=0x3fffffffc000000000000000000000000000000000000000000000000 | OK
CYC 03_p_minus_1_squared#serial 16 | tb=0x20000000000000001fffffffc0000000200000002000000000000000000000000 | model=0x20000000000000001fffffffc0000000200000002000000000000000000000000 | OK
CYC 03_p_minus_1_squared#serial 17 | tb=0x200000001fffffffe00000001fffffffe00000004000000000000000000000000 | model=0x200000001fffffffe00000001fffffffe00000004000000000000000000000000 | OK
CYC 03_p_minus_1_squared#serial 18 | tb=0x2fffffffefffffffd000000000000000100000002fffffffe00000001fffffffc | model=0x2fffffffefffffffd000000000000000100000002fffffffe00000001fffffffc | OK
CYC 03_p_minus_1_squared#serial 19 | tb=0x3fffffffcffffffff000000000000000100000002fffffffffffffffffffffffd | model=0x3fffffffcffffffff000000000000000100000002fffffffffffffffffffffffd | OK
CYC 03_p_minus_1_squared#serial 20 | tb=0x2fffffffe0000000200000001ffffffff0000000600000001fffffffefffffffc | model=0x2fffffffe0000000200000001ffffffff0000000600000001fffffffefffffffc | OK
CYC 03_p_minus_1_squared#serial 21 | tb=0x2fffffffd00000001000000000000000100000004ffffffff00000000fffffffb | model=0x2fffffffd00000001000000000000000100000004ffffffff00000000fffffffb | OK
CYC 03_p_minus_1_squared#serial 22 | tb=0x2fffffffc0000000100000000000000000000000600000000fffffffdfffffffd | model=0x2fffffffc0000000100000000000000000000000600000000fffffffdfffffffd | OK
CYC 03_p_minus_1_squared#serial 23 | tb=0x1fffffffe00000001000000000000000000000005fffffffffffffffffffffffb | model=0x1fffffffe00000001000000000000000000000005fffffffffffffffffffffffb | OK
CYC 03_p_minus_1_squared#serial 24 | tb=0x1fffffffe00000002000000000000000000000001ffffffffffffffffffffffff | model=0x1fffffffe00000002000000000000000000000001ffffffffffffffffffffffff | OK
CYC 03_p_minus_1_squared#serial 25 | tb=0xffffffff00000001000000000000000000000001000000000000000000000000 | model=0xffffffff00000001000000000000000000000001000000000000000000000000 | OK
CYC 03_p_minus_1_squared#serial 26 | tb=0x1 | model=0x1 | OK
CYC 03_p_minus_1_squared#serial 27 | tb=0x1 | model=0x1 | OK
CYC 04_q32_boundary#overlap 3 | tb=0x0 | model=0x0 | OK
CYC 04_q32_boundary#overlap 10 | tb=0x0 | model=0x0 | OK
CYC 04_q32_boundary#overlap 11 | tb=0x0 | model=0x0 | OK
CYC 04_q32_boundary#overlap 12 | tb=0x0 | model=0x0 | OK
CYC 04_q32_boundary#overlap 13 | tb=0x0 | model=0x0 | OK
CYC 04_q32_boundary#overlap 14 | tb=0x0 | model=0x0 | OK
CYC 04_q32_boundary#overlap 15 | tb=0x0 | model=0x0 | OK
CYC 04_q32_boundary#overlap 16 | tb=0x0 | model=0x0 | OK
CYC 04_q32_boundary#overlap 17 | tb=0x0 | model=0x0 | OK
CYC 04_q32_boundary#overlap 18 | tb=0x10000000000000000 | model=0x10000000000000000 | OK
CYC 04_q32_boundary#overlap 19 | tb=0x10000000000000000 | model=0x10000000000000000 | OK
CYC 04_q32_boundary#overlap 20 | tb=0x10000000000000000 | model=0x10000000000000000 | OK
CYC 04_q32_boundary#overlap 21 | tb=0x10000000000000000 | model=0x10000000000000000 | OK
CYC 04_q32_boundary#serial 3 | tb=0x0 | model=0x0 | OK
CYC 04_q32_boundary#serial 4 | tb=0x0 | model=0x0 | OK
CYC 04_q32_boundary#serial 5 | tb=0x0 | model=0x0 | OK
CYC 04_q32_boundary#serial 6 | tb=0x0 | model=0x0 | OK
CYC 04_q32_boundary#serial 7 | tb=0x0 | model=0x0 | OK
CYC 04_q32_boundary#serial 8 | tb=0x0 | model=0x0 | OK
CYC 04_q32_boundary#serial 9 | tb=0x0 | model=0x0 | OK
CYC 04_q32_boundary#serial 10 | tb=0x0 | model=0x0 | OK
CYC 04_q32_boundary#serial 11 | tb=0x0 | model=0x0 | OK
CYC 04_q32_boundary#serial 12 | tb=0x0 | model=0x0 | OK
CYC 04_q32_boundary#serial 13 | tb=0x0 | model=0x0 | OK
CYC 04_q32_boundary#serial 14 | tb=0x0 | model=0x0 | OK
CYC 04_q32_boundary#serial 15 | tb=0x0 | model=0x0 | OK
CYC 04_q32_boundary#serial 16 | tb=0x0 | model=0x0 | OK
CYC 04_q32_boundary#serial 17 | tb=0x0 | model=0x0 | OK
CYC 04_q32_boundary#serial 18 | tb=0x0 | model=0x0 | OK
CYC 04_q32_boundary#serial 19 | tb=0x0 | model=0x0 | OK
CYC 04_q32_boundary#serial 20 | tb=0x0 | model=0x0 | OK
CYC 04_q32_boundary#serial 21 | tb=0x0 | model=0x0 | OK
CYC 04_q32_boundary#serial 22 | tb=0x0 | model=0x0 | OK
CYC 04_q32_boundary#serial 23 | tb=0x0 | model=0x0 | OK
CYC 04_q32_boundary#serial 24 | tb=0x10000000000000000 | model=0x10000000000000000 | OK
CYC 04_q32_boundary#serial 25 | tb=0x10000000000000000 | model=0x10000000000000000 | OK
CYC 04_q32_boundary#serial 26 | tb=0x10000000000000000 | model=0x10000000000000000 | OK
CYC 04_q32_boundary#serial 27 | tb=0x10000000000000000 | model=0x10000000000000000 | OK
CYC 05_q64_boundary#overlap 3 | tb=0x0 | model=0x0 | OK
CYC 05_q64_boundary#overlap 10 | tb=0x0 | model=0x0 | OK
CYC 05_q64_boundary#overlap 11 | tb=0x0 | model=0x0 | OK
CYC 05_q64_boundary#overlap 12 | tb=0x0 | model=0x0 | OK
CYC 05_q64_boundary#overlap 13 | tb=0x0 | model=0x0 | OK
CYC 05_q64_boundary#overlap 14 | tb=0x0 | model=0x0 | OK
CYC 05_q64_boundary#overlap 15 | tb=0x0 | model=0x0 | OK
CYC 05_q64_boundary#overlap 16 | tb=0x0 | model=0x0 | OK
CYC 05_q64_boundary#overlap 17 | tb=0x0 | model=0x0 | OK
CYC 05_q64_boundary#overlap 18 | tb=0x100000000000000000000000000000000 | model=0x100000000000000000000000000000000 | OK
CYC 05_q64_boundary#overlap 19 | tb=0x100000000000000000000000000000000 | model=0x100000000000000000000000000000000 | OK
CYC 05_q64_boundary#overlap 20 | tb=0x100000000000000000000000000000000 | model=0x100000000000000000000000000000000 | OK
CYC 05_q64_boundary#overlap 21 | tb=0x100000000000000000000000000000000 | model=0x100000000000000000000000000000000 | OK
CYC 05_q64_boundary#serial 3 | tb=0x0 | model=0x0 | OK
CYC 05_q64_boundary#serial 4 | tb=0x0 | model=0x0 | OK
CYC 05_q64_boundary#serial 5 | tb=0x0 | model=0x0 | OK
CYC 05_q64_boundary#serial 6 | tb=0x0 | model=0x0 | OK
CYC 05_q64_boundary#serial 7 | tb=0x0 | model=0x0 | OK
CYC 05_q64_boundary#serial 8 | tb=0x0 | model=0x0 | OK
CYC 05_q64_boundary#serial 9 | tb=0x0 | model=0x0 | OK
CYC 05_q64_boundary#serial 10 | tb=0x0 | model=0x0 | OK
CYC 05_q64_boundary#serial 11 | tb=0x0 | model=0x0 | OK
CYC 05_q64_boundary#serial 12 | tb=0x0 | model=0x0 | OK
CYC 05_q64_boundary#serial 13 | tb=0x0 | model=0x0 | OK
CYC 05_q64_boundary#serial 14 | tb=0x0 | model=0x0 | OK
CYC 05_q64_boundary#serial 15 | tb=0x0 | model=0x0 | OK
CYC 05_q64_boundary#serial 16 | tb=0x0 | model=0x0 | OK
CYC 05_q64_boundary#serial 17 | tb=0x0 | model=0x0 | OK
CYC 05_q64_boundary#serial 18 | tb=0x0 | model=0x0 | OK
CYC 05_q64_boundary#serial 19 | tb=0x0 | model=0x0 | OK
CYC 05_q64_boundary#serial 20 | tb=0x0 | model=0x0 | OK
CYC 05_q64_boundary#serial 21 | tb=0x0 | model=0x0 | OK
CYC 05_q64_boundary#serial 22 | tb=0x0 | model=0x0 | OK
CYC 05_q64_boundary#serial 23 | tb=0x0 | model=0x0 | OK
CYC 05_q64_boundary#serial 24 | tb=0x100000000000000000000000000000000 | model=0x100000000000000000000000000000000 | OK
CYC 05_q64_boundary#serial 25 | tb=0x100000000000000000000000000000000 | model=0x100000000000000000000000000000000 | OK
CYC 05_q64_boundary#serial 26 | tb=0x100000000000000000000000000000000 | model=0x100000000000000000000000000000000 | OK
CYC 05_q64_boundary#serial 27 | tb=0x100000000000000000000000000000000 | model=0x100000000000000000000000000000000 | OK
CYC 06_q128_boundary#overlap 3 | tb=0x0 | model=0x0 | OK
CYC 06_q128_boundary#overlap 10 | tb=0x0 | model=0x0 | OK
CYC 06_q128_boundary#overlap 11 | tb=0x0 | model=0x0 | OK
CYC 06_q128_boundary#overlap 12 | tb=0x100000000000000000000000000000000000000000000000000000001 | model=0x100000000000000000000000000000000000000000000000000000001 | OK
CYC 06_q128_boundary#overlap 13 | tb=0x100000000000000000000000000000000000000000000000000000001 | model=0x100000000000000000000000000000000000000000000000000000001 | OK
CYC 06_q128_boundary#overlap 14 | tb=0xfffffffeffffffffffffffffffffffff000000000000000000000001 | model=0xfffffffeffffffffffffffffffffffff000000000000000000000001 | OK
CYC 06_q128_boundary#overlap 15 | tb=0xfffffffeffffffffffffffffffffffff000000000000000000000001 | model=0xfffffffeffffffffffffffffffffffff000000000000000000000001 | OK
CYC 06_q128_boundary#overlap 16 | tb=0xfffffffeffffffffffffffffffffffff000000000000000000000001 | model=0xfffffffeffffffffffffffffffffffff000000000000000000000001 | OK
CYC 06_q128_boundary#overlap 17 | tb=0xfffffffeffffffffffffffffffffffff000000000000000000000001 | model=0xfffffffeffffffffffffffffffffffff000000000000000000000001 | OK
CYC 06_q128_boundary#overlap 18 | tb=0xfffffffeffffffffffffffffffffffff000000000000000000000001 | model=0xfffffffeffffffffffffffffffffffff000000000000000000000001 | OK
CYC 06_q128_boundary#overlap 19 | tb=0xfffffffeffffffffffffffffffffffff000000000000000000000001 | model=0xfffffffeffffffffffffffffffffffff000000000000000000000001 | OK
CYC 06_q128_boundary#overlap 20 | tb=0xfffffffeffffffffffffffffffffffff000000000000000000000001 | model=0xfffffffeffffffffffffffffffffffff000000000000000000000001 | OK
CYC 06_q128_boundary#overlap 21 | tb=0xfffffffeffffffffffffffffffffffff000000000000000000000001 | model=0xfffffffeffffffffffffffffffffffff000000000000000000000001 | OK
CYC 06_q128_boundary#serial 3 | tb=0x0 | model=0x0 | OK
CYC 06_q128_boundary#serial 4 | tb=0x0 | model=0x0 | OK
CYC 06_q128_boundary#serial 5 | tb=0x0 | model=0x0 | OK
CYC 06_q128_boundary#serial 6 | tb=0x0 | model=0x0 | OK
CYC 06_q128_boundary#serial 7 | tb=0x0 | model=0x0 | OK
CYC 06_q128_boundary#serial 8 | tb=0x0 | model=0x0 | OK
CYC 06_q128_boundary#serial 9 | tb=0x0 | model=0x0 | OK
CYC 06_q128_boundary#serial 10 | tb=0x0 | model=0x0 | OK
CYC 06_q128_boundary#serial 11 | tb=0x0 | model=0x0 | OK
CYC 06_q128_boundary#serial 12 | tb=0x0 | model=0x0 | OK
CYC 06_q128_boundary#serial 13 | tb=0x0 | model=0x0 | OK
CYC 06_q128_boundary#serial 14 | tb=0x0 | model=0x0 | OK
CYC 06_q128_boundary#serial 15 | tb=0x0 | model=0x0 | OK
CYC 06_q128_boundary#serial 16 | tb=0x0 | model=0x0 | OK
CYC 06_q128_boundary#serial 17 | tb=0x0 | model=0x0 | OK
CYC 06_q128_boundary#serial 18 | tb=0x100000000000000000000000000000000000000000000000000000001 | model=0x100000000000000000000000000000000000000000000000000000001 | OK
CYC 06_q128_boundary#serial 19 | tb=0x100000000000000000000000000000000000000000000000000000001 | model=0x100000000000000000000000000000000000000000000000000000001 | OK
CYC 06_q128_boundary#serial 20 | tb=0xfffffffeffffffffffffffffffffffff000000000000000000000001 | model=0xfffffffeffffffffffffffffffffffff000000000000000000000001 | OK
CYC 06_q128_boundary#serial 21 | tb=0xfffffffeffffffffffffffffffffffff000000000000000000000001 | model=0xfffffffeffffffffffffffffffffffff000000000000000000000001 | OK
CYC 06_q128_boundary#serial 22 | tb=0xfffffffeffffffffffffffffffffffff000000000000000000000001 | model=0xfffffffeffffffffffffffffffffffff000000000000000000000001 | OK
CYC 06_q128_boundary#serial 23 | tb=0xfffffffeffffffffffffffffffffffff000000000000000000000001 | model=0xfffffffeffffffffffffffffffffffff000000000000000000000001 | OK
CYC 06_q128_boundary#serial 24 | tb=0xfffffffeffffffffffffffffffffffff000000000000000000000001 | model=0xfffffffeffffffffffffffffffffffff000000000000000000000001 | OK
CYC 06_q128_boundary#serial 25 | tb=0xfffffffeffffffffffffffffffffffff000000000000000000000001 | model=0xfffffffeffffffffffffffffffffffff000000000000000000000001 | OK
CYC 06_q128_boundary#serial 26 | tb=0xfffffffeffffffffffffffffffffffff000000000000000000000001 | model=0xfffffffeffffffffffffffffffffffff000000000000000000000001 | OK
CYC 06_q128_boundary#serial 27 | tb=0xfffffffeffffffffffffffffffffffff000000000000000000000001 | model=0xfffffffeffffffffffffffffffffffff000000000000000000000001 | OK
CYC 07_q192_boundary#overlap 3 | tb=0x0 | model=0x0 | OK
CYC 07_q192_boundary#overlap 10 | tb=0x200000000000000000000000000000000 | model=0x200000000000000000000000000000000 | OK
CYC 07_q192_boundary#overlap 11 | tb=0x200000002000000000000000000000000 | model=0x200000002000000000000000000000000 | OK
CYC 07_q192_boundary#overlap 12 | tb=0x200000002000000000000000000000000 | model=0x200000002000000000000000000000000 | OK
CYC 07_q192_boundary#overlap 13 | tb=0x200000002000000000000000000000000 | model=0x200000002000000000000000000000000 | OK
CYC 07_q192_boundary#overlap 14 | tb=0x200000001ffffffffffffffff00000000 | model=0x200000001ffffffffffffffff00000000 | OK
CYC 07_q192_boundary#overlap 15 | tb=0x200000001fffffffffffffffeffffffff | model=0x200000001fffffffffffffffeffffffff | OK
CYC 07_q192_boundary#overlap 16 | tb=0xfffffffff00000000000000000000000200000001fffffffffffffffeffffffff | model=0xfffffffff00000000000000000000000200000001fffffffffffffffeffffffff | OK
CYC 07_q192_boundary#overlap 17 | tb=0xfffffffff00000000000000000000000200000001fffffffffffffffeffffffff | model=0xfffffffff00000000000000000000000200000001fffffffffffffffeffffffff | OK
CYC 07_q192_boundary#overlap 18 | tb=0xfffffffff00000000000000000000000200000001fffffffffffffffeffffffff | model=0xfffffffff00000000000000000000000200000001fffffffffffffffeffffffff | OK
CYC 07_q192_boundary#overlap 19 | tb=0xfffffffe00000001000000000000000200000002fffffffffffffffefffffffe | model=0xfffffffe00000001000000000000000200000002fffffffffffffffefffffffe | OK
CYC 07_q192_boundary#overlap 20 | tb=0xfffffffe00000001000000000000000200000002fffffffffffffffefffffffe | model=0xfffffffe00000001000000000000000200000002fffffffffffffffefffffffe | OK
CYC 07_q192_boundary#overlap 21 | tb=0xfffffffe00000001000000000000000200000002fffffffffffffffefffffffe | model=0xfffffffe00000001000000000000000200000002fffffffffffffffefffffffe | OK
CYC 07_q192_boundary#serial 3 | tb=0x0 | model=0x0 | OK
CYC 07_q192_boundary#serial 4 | tb=0x0 | model=0x0 | OK
CYC 07_q192_boundary#serial 5 | tb=0x0 | model=0x0 | OK
CYC 07_q192_boundary#serial 6 | tb=0x0 | model=0x0 | OK
CYC 07_q192_boundary#serial 7 | tb=0x0 | model=0x0 | OK
CYC 07_q192_boundary#serial 8 | tb=0x0 | model=0x0 | OK
CYC 07_q192_boundary#serial 9 | tb=0x0 | model=0x0 | OK
CYC 07_q192_boundary#serial 10 | tb=0x0 | model=0x0 | OK
CYC 07_q192_boundary#serial 11 | tb=0x0 | model=0x0 | OK
CYC 07_q192_boundary#serial 12 | tb=0x0 | model=0x0 | OK
CYC 07_q192_boundary#serial 13 | tb=0x0 | model=0x0 | OK
CYC 07_q192_boundary#serial 14 | tb=0x0 | model=0x0 | OK
CYC 07_q192_boundary#serial 15 | tb=0x0 | model=0x0 | OK
CYC 07_q192_boundary#serial 16 | tb=0x200000000000000000000000000000000 | model=0x200000000000000000000000000000000 | OK
CYC 07_q192_boundary#serial 17 | tb=0x200000002000000000000000000000000 | model=0x200000002000000000000000000000000 | OK
CYC 07_q192_boundary#serial 18 | tb=0x200000002000000000000000000000000 | model=0x200000002000000000000000000000000 | OK
CYC 07_q192_boundary#serial 19 | tb=0x200000002000000000000000000000000 | model=0x200000002000000000000000000000000 | OK
CYC 07_q192_boundary#serial 20 | tb=0x200000001ffffffffffffffff00000000 | model=0x200000001ffffffffffffffff00000000 | OK
CYC 07_q192_boundary#serial 21 | tb=0x200000001fffffffffffffffeffffffff | model=0x200000001fffffffffffffffeffffffff | OK
CYC 07_q192_boundary#serial 22 | tb=0xfffffffff00000000000000000000000200000001fffffffffffffffeffffffff | model=0xfffffffff00000000000000000000000200000001fffffffffffffffeffffffff | OK
CYC 07_q192_boundary#serial 23 | tb=0xfffffffff00000000000000000000000200000001fffffffffffffffeffffffff | model=0xfffffffff00000000000000000000000200000001fffffffffffffffeffffffff | OK
CYC 07_q192_boundary#serial 24 | tb=0xfffffffff00000000000000000000000200000001fffffffffffffffeffffffff | model=0xfffffffff00000000000000000000000200000001fffffffffffffffeffffffff | OK
CYC 07_q192_boundary#serial 25 | tb=0xfffffffe00000001000000000000000200000002fffffffffffffffefffffffe | model=0xfffffffe00000001000000000000000200000002fffffffffffffffefffffffe | OK
CYC 07_q192_boundary#serial 26 | tb=0xfffffffe00000001000000000000000200000002fffffffffffffffefffffffe | model=0xfffffffe00000001000000000000000200000002fffffffffffffffefffffffe | OK
CYC 07_q192_boundary#serial 27 | tb=0xfffffffe00000001000000000000000200000002fffffffffffffffefffffffe | model=0xfffffffe00000001000000000000000200000002fffffffffffffffefffffffe | OK
CYC 08_low_half_all_ones#overlap 3 | tb=0x0 | model=0x0 | OK
CYC 08_low_half_all_ones#overlap 10 | tb=0x0 | model=0x0 | OK
CYC 08_low_half_all_ones#overlap 11 | tb=0x0 | model=0x0 | OK
CYC 08_low_half_all_ones#overlap 12 | tb=0x0 | model=0x0 | OK
CYC 08_low_half_all_ones#overlap 13 | tb=0x0 | model=0x0 | OK
CYC 08_low_half_all_ones#overlap 14 | tb=0x0 | model=0x0 | OK
CYC 08_low_half_all_ones#overlap 15 | tb=0x0 | model=0x0 | OK
CYC 08_low_half_all_ones#overlap 16 | tb=0x0 | model=0x0 | OK
CYC 08_low_half_all_ones#overlap 17 | tb=0x0 | model=0x0 | OK
CYC 08_low_half_all_ones#overlap 18 | tb=0xfffffffffffffffffffffffffffffffe00000000000000000000000000000001 | model=0xfffffffffffffffffffffffffffffffe00000000000000000000000000000001 | OK
CYC 08_low_half_all_ones#overlap 19 | tb=0xfffffffffffffffffffffffffffffffe00000000000000000000000000000001 | model=0xfffffffffffffffffffffffffffffffe00000000000000000000000000000001 | OK
CYC 08_low_half_all_ones#overlap 20 | tb=0xfffffffefffffffffffffffdffffffff000000000000000000000002 | model=0xfffffffefffffffffffffffdffffffff000000000000000000000002 | OK
CYC 08_low_half_all_ones#overlap 21 | tb=0xfffffffefffffffffffffffdffffffff000000000000000000000002 | model=0xfffffffefffffffffffffffdffffffff000000000000000000000002 | OK
CYC 08_low_half_all_ones#serial 3 | tb=0x0 | model=0x0 | OK
CYC 08_low_half_all_ones#serial 4 | tb=0x0 | model=0x0 | OK
CYC 08_low_half_all_ones#serial 5 | tb=0x0 | model=0x0 | OK
CYC 08_low_half_all_ones#serial 6 | tb=0x0 | model=0x0 | OK
CYC 08_low_half_all_ones#serial 7 | tb=0x0 | model=0x0 | OK
CYC 08_low_half_all_ones#serial 8 | tb=0x0 | model=0x0 | OK
CYC 08_low_half_all_ones#serial 9 | tb=0x0 | model=0x0 | OK
CYC 08_low_half_all_ones#serial 10 | tb=0x0 | model=0x0 | OK
CYC 08_low_half_all_ones#serial 11 | tb=0x0 | model=0x0 | OK
CYC 08_low_half_all_ones#serial 12 | tb=0x0 | model=0x0 | OK
CYC 08_low_half_all_ones#serial 13 | tb=0x0 | model=0x0 | OK
CYC 08_low_half_all_ones#serial 14 | tb=0x0 | model=0x0 | OK
CYC 08_low_half_all_ones#serial 15 | tb=0x0 | model=0x0 | OK
CYC 08_low_half_all_ones#serial 16 | tb=0x0 | model=0x0 | OK
CYC 08_low_half_all_ones#serial 17 | tb=0x0 | model=0x0 | OK
CYC 08_low_half_all_ones#serial 18 | tb=0x0 | model=0x0 | OK
CYC 08_low_half_all_ones#serial 19 | tb=0x0 | model=0x0 | OK
CYC 08_low_half_all_ones#serial 20 | tb=0x0 | model=0x0 | OK
CYC 08_low_half_all_ones#serial 21 | tb=0x0 | model=0x0 | OK
CYC 08_low_half_all_ones#serial 22 | tb=0x0 | model=0x0 | OK
CYC 08_low_half_all_ones#serial 23 | tb=0x0 | model=0x0 | OK
CYC 08_low_half_all_ones#serial 24 | tb=0xfffffffffffffffffffffffffffffffe00000000000000000000000000000001 | model=0xfffffffffffffffffffffffffffffffe00000000000000000000000000000001 | OK
CYC 08_low_half_all_ones#serial 25 | tb=0xfffffffffffffffffffffffffffffffe00000000000000000000000000000001 | model=0xfffffffffffffffffffffffffffffffe00000000000000000000000000000001 | OK
CYC 08_low_half_all_ones#serial 26 | tb=0xfffffffefffffffffffffffdffffffff000000000000000000000002 | model=0xfffffffefffffffffffffffdffffffff000000000000000000000002 | OK
CYC 08_low_half_all_ones#serial 27 | tb=0xfffffffefffffffffffffffdffffffff000000000000000000000002 | model=0xfffffffefffffffffffffffdffffffff000000000000000000000002 | OK
CYC 09_full_256_all_ones#overlap 3 | tb=0x4000000000000000000000000000000000000000000000000 | model=0x4000000000000000000000000000000000000000000000000 | OK
CYC 09_full_256_all_ones#overlap 10 | tb=0x20000000000000003fffffffffffffffffffffffe000000000000000000000000 | model=0x20000000000000003fffffffffffffffffffffffe000000000000000000000000 | OK
CYC 09_full_256_all_ones#overlap 11 | tb=0x20000000200000003fffffffffffffffffffffffc000000000000000000000000 | model=0x20000000200000003fffffffffffffffffffffffc000000000000000000000000 | OK
CYC 09_full_256_all_ones#overlap 12 | tb=0x2fffffffe00000003fffffffffffffffffffffffbfffffffffffffffffffffffb | model=0x2fffffffe00000003fffffffffffffffffffffffbfffffffffffffffffffffffb | OK
CYC 09_full_256_all_ones#overlap 13 | tb=0x3fffffffe00000002fffffffffffffffffffffffcfffffffffffffffffffffffa | model=0x3fffffffe00000002fffffffffffffffffffffffcfffffffffffffffffffffffa | OK
CYC 09_full_256_all_ones#overlap 14 | tb=0x2fffffffe00000007000000000000000000000000fffffffffffffffffffffffb | model=0x2fffffffe00000007000000000000000000000000fffffffffffffffffffffffb | OK
CYC 09_full_256_all_ones#overlap 15 | tb=0x1fffffffe00000007000000000000000000000000fffffffffffffffffffffffc | model=0x1fffffffe00000007000000000000000000000000fffffffffffffffffffffffc | OK
CYC 09_full_256_all_ones#overlap 16 | tb=0xffffffff00000006ffffffffffffffff00000000fffffffffffffffffffffffd | model=0xffffffff00000006ffffffffffffffff00000000fffffffffffffffffffffffd | OK
CYC 09_full_256_all_ones#overlap 17 | tb=0x6ffffffffffffffff00000000fffffffefffffffffffffffe | model=0x6ffffffffffffffff00000000fffffffefffffffffffffffe | OK
CYC 09_full_256_all_ones#overlap 18 | tb=0x30000000000000002ffffffffffffffff00000000fffffffeffffffffffffffff | model=0x30000000000000002ffffffffffffffff00000000fffffffeffffffffffffffff | OK
CYC 09_full_256_all_ones#overlap 19 | tb=0x2fffffffffffffffffffffffefffffffdffffffff0000000000000002 | model=0x2fffffffffffffffffffffffefffffffdffffffff0000000000000002 | OK
CYC 09_full_256_all_ones#overlap 20 | tb=0x2fffffffffffffffffffffffefffffffdffffffff0000000000000002 | model=0x2fffffffffffffffffffffffefffffffdffffffff0000000000000002 | OK
CYC 09_full_256_all_ones#overlap 21 | tb=0x2fffffffffffffffffffffffefffffffdffffffff0000000000000002 | model=0x2fffffffffffffffffffffffefffffffdffffffff0000000000000002 | OK
CYC 09_full_256_all_ones#serial 3 | tb=0x4000000000000000000000000000000000000000000000000 | model=0x4000000000000000000000000000000000000000000000000 | OK
CYC 09_full_256_all_ones#serial 4 | tb=0x4000000000000000000000000000000000000000000000000 | model=0x4000000000000000000000000000000000000000000000000 | OK
CYC 09_full_256_all_ones#serial 5 | tb=0x4000000000000000000000000000000000000000000000000 | model=0x4000000000000000000000000000000000000000000000000 | OK
CYC 09_full_256_all_ones#serial 6 | tb=0x4000000000000000000000000000000000000000000000000 | model=0x4000000000000000000000000000000000000000000000000 | OK
CYC 09_full_256_all_ones#serial 7 | tb=0x4000000000000000000000000000000000000000000000000 | model=0x4000000000000000000000000000000000000000000000000 | OK
CYC 09_full_256_all_ones#serial 8 | tb=0x4000000000000000000000000000000000000000000000000 | model=0x4000000000000000000000000000000000000000000000000 | OK
CYC 09_full_256_all_ones#serial 9 | tb=0x4000000000000000000000000000000000000000000000000 | model=0x4000000000000000000000000000000000000000000000000 | OK
CYC 09_full_256_all_ones#serial 10 | tb=0x4000000000000000000000000000000000000000000000000 | model=0x4000000000000000000000000000000000000000000000000 | OK
CYC 09_full_256_all_ones#serial 11 | tb=0x4000000000000000000000000000000000000000000000000 | model=0x4000000000000000000000000000000000000000000000000 | OK
CYC 09_full_256_all_ones#serial 12 | tb=0x4000000000000000000000000000000000000000000000000 | model=0x4000000000000000000000000000000000000000000000000 | OK
CYC 09_full_256_all_ones#serial 13 | tb=0x4000000000000000000000000000000000000000000000000 | model=0x4000000000000000000000000000000000000000000000000 | OK
CYC 09_full_256_all_ones#serial 14 | tb=0x4000000000000000000000000000000000000000000000000 | model=0x4000000000000000000000000000000000000000000000000 | OK
CYC 09_full_256_all_ones#serial 15 | tb=0x4000000000000000000000000000000000000000000000000 | model=0x4000000000000000000000000000000000000000000000000 | OK
CYC 09_full_256_all_ones#serial 16 | tb=0x20000000000000003fffffffffffffffffffffffe000000000000000000000000 | model=0x20000000000000003fffffffffffffffffffffffe000000000000000000000000 | OK
CYC 09_full_256_all_ones#serial 17 | tb=0x20000000200000003fffffffffffffffffffffffc000000000000000000000000 | model=0x20000000200000003fffffffffffffffffffffffc000000000000000000000000 | OK
CYC 09_full_256_all_ones#serial 18 | tb=0x2fffffffe00000003fffffffffffffffffffffffbfffffffffffffffffffffffb | model=0x2fffffffe00000003fffffffffffffffffffffffbfffffffffffffffffffffffb | OK
CYC 09_full_256_all_ones#serial 19 | tb=0x3fffffffe00000002fffffffffffffffffffffffcfffffffffffffffffffffffa | model=0x3fffffffe00000002fffffffffffffffffffffffcfffffffffffffffffffffffa | OK
CYC 09_full_256_all_ones#serial 20 | tb=0x2fffffffe00000007000000000000000000000000fffffffffffffffffffffffb | model=0x2fffffffe00000007000000000000000000000000fffffffffffffffffffffffb | OK
CYC 09_full_256_all_ones#serial 21 | tb=0x1fffffffe00000007000000000000000000000000fffffffffffffffffffffffc | model=0x1fffffffe00000007000000000000000000000000fffffffffffffffffffffffc | OK
CYC 09_full_256_all_ones#serial 22 | tb=0xffffffff00000006ffffffffffffffff00000000fffffffffffffffffffffffd | model=0xffffffff00000006ffffffffffffffff00000000fffffffffffffffffffffffd | OK
CYC 09_full_256_all_ones#serial 23 | tb=0x6ffffffffffffffff00000000fffffffefffffffffffffffe | model=0x6ffffffffffffffff00000000fffffffefffffffffffffffe | OK
CYC 09_full_256_all_ones#serial 24 | tb=0x30000000000000002ffffffffffffffff00000000fffffffeffffffffffffffff | model=0x30000000000000002ffffffffffffffff00000000fffffffeffffffffffffffff | OK
CYC 09_full_256_all_ones#serial 25 | tb=0x2fffffffffffffffffffffffefffffffdffffffff0000000000000002 | model=0x2fffffffffffffffffffffffefffffffdffffffff0000000000000002 | OK
CYC 09_full_256_all_ones#serial 26 | tb=0x2fffffffffffffffffffffffefffffffdffffffff0000000000000002 | model=0x2fffffffffffffffffffffffefffffffdffffffff0000000000000002 | OK
CYC 09_full_256_all_ones#serial 27 | tb=0x2fffffffffffffffffffffffefffffffdffffffff0000000000000002 | model=0x2fffffffffffffffffffffffefffffffdffffffff0000000000000002 | OK
CYC 10_long_carry#overlap 3 | tb=0x100000004000000000000000000000000000000000000000000000000 | model=0x100000004000000000000000000000000000000000000000000000000 | OK
CYC 10_long_carry#overlap 10 | tb=0x1ffffffff00000006000000000000000000000000000000000000000000000000 | model=0x1ffffffff00000006000000000000000000000000000000000000000000000000 | OK
CYC 10_long_carry#overlap 11 | tb=0x20000000100000004000000020000000000000000000000000000000000000000 | model=0x20000000100000004000000020000000000000000000000000000000000000000 | OK
CYC 10_long_carry#overlap 12 | tb=0x2fffffff900000005000000010000000100000000fffffffffffffffffffffff8 | model=0x2fffffff900000005000000010000000100000000fffffffffffffffffffffff8 | OK
CYC 10_long_carry#overlap 13 | tb=0x3fffffff80000000600000001000000010000000100000000fffffffffffffff7 | model=0x3fffffff80000000600000001000000010000000100000000fffffffffffffff7 | OK
CYC 10_long_carry#overlap 14 | tb=0x2fffffff80000000d00000001000000010000000900000000fffffffffffffff7 | model=0x2fffffff80000000d00000001000000010000000900000000fffffffffffffff7 | OK
CYC 10_long_carry#overlap 15 | tb=0x2fffffff70000000e000000000000000100000009fffffffffffffffffffffff7 | model=0x2fffffff70000000e000000000000000100000009fffffffffffffffffffffff7 | OK
CYC 10_long_carry#overlap 16 | tb=0x2fffffff70000000e00000000000000000000000a00000000fffffffefffffff7 | model=0x2fffffff70000000e00000000000000000000000a00000000fffffffefffffff7 | OK
CYC 10_long_carry#overlap 17 | tb=0x2fffffff70000000e000000000000000000000009fffffffffffffffffffffff6 | model=0x2fffffff70000000e000000000000000000000009fffffffffffffffffffffff6 | OK
CYC 10_long_carry#overlap 18 | tb=0x3fffffff800000008000000000000000000000008000000000000000000000000 | model=0x3fffffff800000008000000000000000000000008000000000000000000000000 | OK
CYC 10_long_carry#overlap 19 | tb=0xfffffffb00000005000000000000000000000005000000000000000000000003 | model=0xfffffffb00000005000000000000000000000005000000000000000000000003 | OK
CYC 10_long_carry#overlap 20 | tb=0xfffffffb00000005000000000000000000000005000000000000000000000003 | model=0xfffffffb00000005000000000000000000000005000000000000000000000003 | OK
CYC 10_long_carry#overlap 21 | tb=0xfffffffb00000005000000000000000000000005000000000000000000000003 | model=0xfffffffb00000005000000000000000000000005000000000000000000000003 | OK
CYC 10_long_carry#serial 3 | tb=0x100000004000000000000000000000000000000000000000000000000 | model=0x100000004000000000000000000000000000000000000000000000000 | OK
CYC 10_long_carry#serial 4 | tb=0x100000004000000000000000000000000000000000000000000000000 | model=0x100000004000000000000000000000000000000000000000000000000 | OK
CYC 10_long_carry#serial 5 | tb=0x100000004000000000000000000000000000000000000000000000000 | model=0x100000004000000000000000000000000000000000000000000000000 | OK
CYC 10_long_carry#serial 6 | tb=0x100000004000000000000000000000000000000000000000000000000 | model=0x100000004000000000000000000000000000000000000000000000000 | OK
CYC 10_long_carry#serial 7 | tb=0x100000004000000000000000000000000000000000000000000000000 | model=0x100000004000000000000000000000000000000000000000000000000 | OK
CYC 10_long_carry#serial 8 | tb=0x100000004000000000000000000000000000000000000000000000000 | model=0x100000004000000000000000000000000000000000000000000000000 | OK
CYC 10_long_carry#serial 9 | tb=0x100000004000000000000000000000000000000000000000000000000 | model=0x100000004000000000000000000000000000000000000000000000000 | OK
CYC 10_long_carry#serial 10 | tb=0x100000004000000000000000000000000000000000000000000000000 | model=0x100000004000000000000000000000000000000000000000000000000 | OK
CYC 10_long_carry#serial 11 | tb=0x100000004000000000000000000000000000000000000000000000000 | model=0x100000004000000000000000000000000000000000000000000000000 | OK
CYC 10_long_carry#serial 12 | tb=0x100000004000000000000000000000000000000000000000000000000 | model=0x100000004000000000000000000000000000000000000000000000000 | OK
CYC 10_long_carry#serial 13 | tb=0x100000004000000000000000000000000000000000000000000000000 | model=0x100000004000000000000000000000000000000000000000000000000 | OK
CYC 10_long_carry#serial 14 | tb=0x100000004000000000000000000000000000000000000000000000000 | model=0x100000004000000000000000000000000000000000000000000000000 | OK
CYC 10_long_carry#serial 15 | tb=0x100000004000000000000000000000000000000000000000000000000 | model=0x100000004000000000000000000000000000000000000000000000000 | OK
CYC 10_long_carry#serial 16 | tb=0x1ffffffff00000006000000000000000000000000000000000000000000000000 | model=0x1ffffffff00000006000000000000000000000000000000000000000000000000 | OK
CYC 10_long_carry#serial 17 | tb=0x20000000100000004000000020000000000000000000000000000000000000000 | model=0x20000000100000004000000020000000000000000000000000000000000000000 | OK
CYC 10_long_carry#serial 18 | tb=0x2fffffff900000005000000010000000100000000fffffffffffffffffffffff8 | model=0x2fffffff900000005000000010000000100000000fffffffffffffffffffffff8 | OK
CYC 10_long_carry#serial 19 | tb=0x3fffffff80000000600000001000000010000000100000000fffffffffffffff7 | model=0x3fffffff80000000600000001000000010000000100000000fffffffffffffff7 | OK
CYC 10_long_carry#serial 20 | tb=0x2fffffff80000000d00000001000000010000000900000000fffffffffffffff7 | model=0x2fffffff80000000d00000001000000010000000900000000fffffffffffffff7 | OK
CYC 10_long_carry#serial 21 | tb=0x2fffffff70000000e000000000000000100000009fffffffffffffffffffffff7 | model=0x2fffffff70000000e000000000000000100000009fffffffffffffffffffffff7 | OK
CYC 10_long_carry#serial 22 | tb=0x2fffffff70000000e00000000000000000000000a00000000fffffffefffffff7 | model=0x2fffffff70000000e00000000000000000000000a00000000fffffffefffffff7 | OK
CYC 10_long_carry#serial 23 | tb=0x2fffffff70000000e000000000000000000000009fffffffffffffffffffffff6 | model=0x2fffffff70000000e000000000000000000000009fffffffffffffffffffffff6 | OK
CYC 10_long_carry#serial 24 | tb=0x3fffffff800000008000000000000000000000008000000000000000000000000 | model=0x3fffffff800000008000000000000000000000008000000000000000000000000 | OK
CYC 10_long_carry#serial 25 | tb=0xfffffffb00000005000000000000000000000005000000000000000000000003 | model=0xfffffffb00000005000000000000000000000005000000000000000000000003 | OK
CYC 10_long_carry#serial 26 | tb=0xfffffffb00000005000000000000000000000005000000000000000000000003 | model=0xfffffffb00000005000000000000000000000005000000000000000000000003 | OK
CYC 10_long_carry#serial 27 | tb=0xfffffffb00000005000000000000000000000005000000000000000000000003 | model=0xfffffffb00000005000000000000000000000005000000000000000000000003 | OK
CYC 11_negative_C#overlap 3 | tb=0xb90edbf3be470c16000000000000000000000000000000000000000000000000 | model=0xb90edbf3be470c16000000000000000000000000000000000000000000000000 | OK
CYC 11_negative_C#overlap 10 | tb=0x1f1c4d97d0aaead01b74c801ca31935577bc95d9e000000000000000000000000 | model=0x1f1c4d97d0aaead01b74c801ca31935577bc95d9e000000000000000000000000 | OK
CYC 11_negative_C#overlap 11 | tb=0x1f1c4d97e4364aa8b03b421085a65b5741ee292f4000000000000000000000000 | model=0x1f1c4d97e4364aa8b03b421085a65b5741ee292f4000000000000000000000000 | OK
CYC 11_negative_C#overlap 12 | tb=0x23946c9ef1f0aea99a00f1fcd009985e9fa88d302aea733114905b1634781f070 | model=0x23946c9ef1f0aea99a00f1fcd009985e9fa88d302aea733114905b1634781f070 | OK
CYC 11_negative_C#overlap 13 | tb=0x2d5a1c8b3c53ebb0ea00f1fcd009985e9fa88d3036c8be1e0f7ace4749087a1d3 | model=0x2d5a1c8b3c53ebb0ea00f1fcd009985e9fa88d3036c8be1e0f7ace4749087a1d3 | OK
CYC 11_negative_C#overlap 14 | tb=0x226fa95a27dbcca9df167ecbbb793d486b306e29290e5a1d2a62049c8d2a2f304 | model=0x226fa95a27dbcca9df167ecbbb793d486b306e29290e5a1d2a62049c8d2a2f304 | OK
CYC 11_negative_C#overlap 15 | tb=0x16915e6d334b7193a33833dec08eca1756a01312eeab1d15cca7a09ba81165859 | model=0x16915e6d334b7193a33833dec08eca1756a01312eeab1d15cca7a09ba81165859 | OK
CYC 11_negative_C#overlap 16 | tb=0x117894c2834b7193a33833dec08eca174cda6326a4e56d29824463944a570184b | model=0x117894c2834b7193a33833dec08eca174cda6326a4e56d29824463944a570184b | OK
CYC 11_negative_C#overlap 17 | tb=0x3be30c1a34b7193a33833dec08eca174cda6326a4e56d29787eb3a7fff3c47d6 | model=0x3be30c1a34b7193a33833dec08eca174cda6326a4e56d29787eb3a7fff3c47d6 | OK
CYC 11_negative_C#overlap 18 | tb=0x7fe00eccfe68b908e781dab9090e1151cb1837fde4b2ff61c14d48eb2c314eef | model=0x7fe00eccfe68b908e781dab9090e1151cb1837fde4b2ff61c14d48eb2c314eef | OK
CYC 11_negative_C#overlap 19 | tb=0x7fe00eccfe68b908e781dab9090e1151cb1837fde4b2ff61c14d48eb2c314eef | model=0x7fe00eccfe68b908e781dab9090e1151cb1837fde4b2ff61c14d48eb2c314eef | OK
CYC 11_negative_C#overlap 20 | tb=0x7fe00eccfe68b908e781dab9090e1151cb1837fde4b2ff61c14d48eb2c314eef | model=0x7fe00eccfe68b908e781dab9090e1151cb1837fde4b2ff61c14d48eb2c314eef | OK
CYC 11_negative_C#overlap 21 | tb=0x7fe00eccfe68b908e781dab9090e1151cb1837fde4b2ff61c14d48eb2c314eef | model=0x7fe00eccfe68b908e781dab9090e1151cb1837fde4b2ff61c14d48eb2c314eef | OK
CYC 11_negative_C#serial 3 | tb=0xb90edbf3be470c16000000000000000000000000000000000000000000000000 | model=0xb90edbf3be470c16000000000000000000000000000000000000000000000000 | OK
CYC 11_negative_C#serial 4 | tb=0xb90edbf3be470c16000000000000000000000000000000000000000000000000 | model=0xb90edbf3be470c16000000000000000000000000000000000000000000000000 | OK
CYC 11_negative_C#serial 5 | tb=0xb90edbf3be470c16000000000000000000000000000000000000000000000000 | model=0xb90edbf3be470c16000000000000000000000000000000000000000000000000 | OK
CYC 11_negative_C#serial 6 | tb=0xb90edbf3be470c16000000000000000000000000000000000000000000000000 | model=0xb90edbf3be470c16000000000000000000000000000000000000000000000000 | OK
CYC 11_negative_C#serial 7 | tb=0xb90edbf3be470c16000000000000000000000000000000000000000000000000 | model=0xb90edbf3be470c16000000000000000000000000000000000000000000000000 | OK
CYC 11_negative_C#serial 8 | tb=0xb90edbf3be470c16000000000000000000000000000000000000000000000000 | model=0xb90edbf3be470c16000000000000000000000000000000000000000000000000 | OK
CYC 11_negative_C#serial 9 | tb=0xb90edbf3be470c16000000000000000000000000000000000000000000000000 | model=0xb90edbf3be470c16000000000000000000000000000000000000000000000000 | OK
CYC 11_negative_C#serial 10 | tb=0xb90edbf3be470c16000000000000000000000000000000000000000000000000 | model=0xb90edbf3be470c16000000000000000000000000000000000000000000000000 | OK
CYC 11_negative_C#serial 11 | tb=0xb90edbf3be470c16000000000000000000000000000000000000000000000000 | model=0xb90edbf3be470c16000000000000000000000000000000000000000000000000 | OK
CYC 11_negative_C#serial 12 | tb=0xb90edbf3be470c16000000000000000000000000000000000000000000000000 | model=0xb90edbf3be470c16000000000000000000000000000000000000000000000000 | OK
CYC 11_negative_C#serial 13 | tb=0xb90edbf3be470c16000000000000000000000000000000000000000000000000 | model=0xb90edbf3be470c16000000000000000000000000000000000000000000000000 | OK
CYC 11_negative_C#serial 14 | tb=0xb90edbf3be470c16000000000000000000000000000000000000000000000000 | model=0xb90edbf3be470c16000000000000000000000000000000000000000000000000 | OK
CYC 11_negative_C#serial 15 | tb=0xb90edbf3be470c16000000000000000000000000000000000000000000000000 | model=0xb90edbf3be470c16000000000000000000000000000000000000000000000000 | OK
CYC 11_negative_C#serial 16 | tb=0x1f1c4d97d0aaead01b74c801ca31935577bc95d9e000000000000000000000000 | model=0x1f1c4d97d0aaead01b74c801ca31935577bc95d9e000000000000000000000000 | OK
CYC 11_negative_C#serial 17 | tb=0x1f1c4d97e4364aa8b03b421085a65b5741ee292f4000000000000000000000000 | model=0x1f1c4d97e4364aa8b03b421085a65b5741ee292f4000000000000000000000000 | OK
CYC 11_negative_C#serial 18 | tb=0x23946c9ef1f0aea99a00f1fcd009985e9fa88d302aea733114905b1634781f070 | model=0x23946c9ef1f0aea99a00f1fcd009985e9fa88d302aea733114905b1634781f070 | OK
CYC 11_negative_C#serial 19 | tb=0x2d5a1c8b3c53ebb0ea00f1fcd009985e9fa88d3036c8be1e0f7ace4749087a1d3 | model=0x2d5a1c8b3c53ebb0ea00f1fcd009985e9fa88d3036c8be1e0f7ace4749087a1d3 | OK
CYC 11_negative_C#serial 20 | tb=0x226fa95a27dbcca9df167ecbbb793d486b306e29290e5a1d2a62049c8d2a2f304 | model=0x226fa95a27dbcca9df167ecbbb793d486b306e29290e5a1d2a62049c8d2a2f304 | OK
CYC 11_negative_C#serial 21 | tb=0x16915e6d334b7193a33833dec08eca1756a01312eeab1d15cca7a09ba81165859 | model=0x16915e6d334b7193a33833dec08eca1756a01312eeab1d15cca7a09ba81165859 | OK
CYC 11_negative_C#serial 22 | tb=0x117894c2834b7193a33833dec08eca174cda6326a4e56d29824463944a570184b | model=0x117894c2834b7193a33833dec08eca174cda6326a4e56d29824463944a570184b | OK
CYC 11_negative_C#serial 23 | tb=0x3be30c1a34b7193a33833dec08eca174cda6326a4e56d29787eb3a7fff3c47d6 | model=0x3be30c1a34b7193a33833dec08eca174cda6326a4e56d29787eb3a7fff3c47d6 | OK
CYC 11_negative_C#serial 24 | tb=0x7fe00eccfe68b908e781dab9090e1151cb1837fde4b2ff61c14d48eb2c314eef | model=0x7fe00eccfe68b908e781dab9090e1151cb1837fde4b2ff61c14d48eb2c314eef | OK
CYC 11_negative_C#serial 25 | tb=0x7fe00eccfe68b908e781dab9090e1151cb1837fde4b2ff61c14d48eb2c314eef | model=0x7fe00eccfe68b908e781dab9090e1151cb1837fde4b2ff61c14d48eb2c314eef | OK
CYC 11_negative_C#serial 26 | tb=0x7fe00eccfe68b908e781dab9090e1151cb1837fde4b2ff61c14d48eb2c314eef | model=0x7fe00eccfe68b908e781dab9090e1151cb1837fde4b2ff61c14d48eb2c314eef | OK
CYC 11_negative_C#serial 27 | tb=0x7fe00eccfe68b908e781dab9090e1151cb1837fde4b2ff61c14d48eb2c314eef | model=0x7fe00eccfe68b908e781dab9090e1151cb1837fde4b2ff61c14d48eb2c314eef | OK
CYC 12_L_ge_N#overlap 3 | tb=0xbc517fe3050a95ab000000000000000000000000000000000000000000000000 | model=0xbc517fe3050a95ab000000000000000000000000000000000000000000000000 | OK
CYC 12_L_ge_N#overlap 10 | tb=0xc0e3859bf5187347bcf79f1b0eed2a8f8df29846000000000000000000000000 | model=0xc0e3859bf5187347bcf79f1b0eed2a8f8df29846000000000000000000000000 | OK
CYC 12_L_ge_N#overlap 11 | tb=0xc0e3859bf9aa7900ad057cb7cbe4c9aa9cdfc2d4000000000000000000000000 | model=0xc0e3859bf9aa7900ad057cb7cbe4c9aa9cdfc2d4000000000000000000000000 | OK
CYC 12_L_ge_N#overlap 12 | tb=0xff6722995826488daf4e7f9443ebb878fb5b92613944d19abbd828733e839cfd | model=0xff6722995826488daf4e7f9443ebb878fb5b92613944d19abbd828733e839cfd | OK
CYC 12_L_ge_N#overlap 13 | tb=0x101b02575d02d375baf4e7f9443ebb878fb5b9262003e1dbdf51cfa0dfa5bc570 | model=0x101b02575d02d375baf4e7f9443ebb878fb5b9262003e1dbdf51cfa0dfa5bc570 | OK
CYC 12_L_ge_N#overlap 14 | tb=0xc86b53db91a99a5e7609adf988139005bcd7f564a1c24e306da664c63362794d | model=0xc86b53db91a99a5e7609adf988139005bcd7f564a1c24e306da664c63362794d | OK
CYC 12_L_ge_N#overlap 15 | tb=0x17207b7d5d171eaaf1061d64ecebe6b00ffccf129bb5f620f2a9538abebe406 | model=0x17207b7d5d171eaaf1061d64ecebe6b00ffccf129bb5f620f2a9538abebe406 | OK
CYC 12_L_ge_N#overlap 16 | tb=0xf79fb7270d5d171eaaf1061d64ecebe6afeb6ca1527725c859723a66a4d701479 | model=0xf79fb7270d5d171eaaf1061d64ecebe6afeb6ca1527725c859723a66a4d701479 | OK
CYC 12_L_ge_N#overlap 17 | tb=0xf1b7fa2e3d5d171eaaf1061d64ecebe6afeb6ca1527725c8594daa38dd56925ab | model=0xf1b7fa2e3d5d171eaaf1061d64ecebe6afeb6ca1527725c8594daa38dd56925ab | OK
CYC 12_L_ge_N#overlap 18 | tb=0x19aa9b6d5ddf71859149b9c0309220911e2e9d5741f01403041a2208bccf0b46f | model=0x19aa9b6d5ddf71859149b9c0309220911e2e9d5741f01403041a2208bccf0b46f | OK
CYC 12_L_ge_N#overlap 19 | tb=0x9aa9b6d6ddf71858149b9c0309220911e2e9d5731f01403041a2208bccf0b470 | model=0x9aa9b6d6ddf71858149b9c0309220911e2e9d5731f01403041a2208bccf0b470 | OK
CYC 12_L_ge_N#overlap 20 | tb=0x9aa9b6d6ddf71858149b9c0309220911e2e9d5731f01403041a2208bccf0b470 | model=0x9aa9b6d6ddf71858149b9c0309220911e2e9d5731f01403041a2208bccf0b470 | OK
CYC 12_L_ge_N#overlap 21 | tb=0x9aa9b6d6ddf71858149b9c0309220911e2e9d5731f01403041a2208bccf0b470 | model=0x9aa9b6d6ddf71858149b9c0309220911e2e9d5731f01403041a2208bccf0b470 | OK
CYC 12_L_ge_N#serial 3 | tb=0xbc517fe3050a95ab000000000000000000000000000000000000000000000000 | model=0xbc517fe3050a95ab000000000000000000000000000000000000000000000000 | OK
CYC 12_L_ge_N#serial 4 | tb=0xbc517fe3050a95ab000000000000000000000000000000000000000000000000 | model=0xbc517fe3050a95ab000000000000000000000000000000000000000000000000 | OK
CYC 12_L_ge_N#serial 5 | tb=0xbc517fe3050a95ab000000000000000000000000000000000000000000000000 | model=0xbc517fe3050a95ab000000000000000000000000000000000000000000000000 | OK
CYC 12_L_ge_N#serial 6 | tb=0xbc517fe3050a95ab000000000000000000000000000000000000000000000000 | model=0xbc517fe3050a95ab000000000000000000000000000000000000000000000000 | OK
CYC 12_L_ge_N#serial 7 | tb=0xbc517fe3050a95ab000000000000000000000000000000000000000000000000 | model=0xbc517fe3050a95ab000000000000000000000000000000000000000000000000 | OK
CYC 12_L_ge_N#serial 8 | tb=0xbc517fe3050a95ab000000000000000000000000000000000000000000000000 | model=0xbc517fe3050a95ab000000000000000000000000000000000000000000000000 | OK
CYC 12_L_ge_N#serial 9 | tb=0xbc517fe3050a95ab000000000000000000000000000000000000000000000000 | model=0xbc517fe3050a95ab000000000000000000000000000000000000000000000000 | OK
CYC 12_L_ge_N#serial 10 | tb=0xbc517fe3050a95ab000000000000000000000000000000000000000000000000 | model=0xbc517fe3050a95ab000000000000000000000000000000000000000000000000 | OK
CYC 12_L_ge_N#serial 11 | tb=0xbc517fe3050a95ab000000000000000000000000000000000000000000000000 | model=0xbc517fe3050a95ab000000000000000000000000000000000000000000000000 | OK
CYC 12_L_ge_N#serial 12 | tb=0xbc517fe3050a95ab000000000000000000000000000000000000000000000000 | model=0xbc517fe3050a95ab000000000000000000000000000000000000000000000000 | OK
CYC 12_L_ge_N#serial 13 | tb=0xbc517fe3050a95ab000000000000000000000000000000000000000000000000 | model=0xbc517fe3050a95ab000000000000000000000000000000000000000000000000 | OK
CYC 12_L_ge_N#serial 14 | tb=0xbc517fe3050a95ab000000000000000000000000000000000000000000000000 | model=0xbc517fe3050a95ab000000000000000000000000000000000000000000000000 | OK
CYC 12_L_ge_N#serial 15 | tb=0xbc517fe3050a95ab000000000000000000000000000000000000000000000000 | model=0xbc517fe3050a95ab000000000000000000000000000000000000000000000000 | OK
CYC 12_L_ge_N#serial 16 | tb=0xc0e3859bf5187347bcf79f1b0eed2a8f8df29846000000000000000000000000 | model=0xc0e3859bf5187347bcf79f1b0eed2a8f8df29846000000000000000000000000 | OK
CYC 12_L_ge_N#serial 17 | tb=0xc0e3859bf9aa7900ad057cb7cbe4c9aa9cdfc2d4000000000000000000000000 | model=0xc0e3859bf9aa7900ad057cb7cbe4c9aa9cdfc2d4000000000000000000000000 | OK
CYC 12_L_ge_N#serial 18 | tb=0xff6722995826488daf4e7f9443ebb878fb5b92613944d19abbd828733e839cfd | model=0xff6722995826488daf4e7f9443ebb878fb5b92613944d19abbd828733e839cfd | OK
CYC 12_L_ge_N#serial 19 | tb=0x101b02575d02d375baf4e7f9443ebb878fb5b9262003e1dbdf51cfa0dfa5bc570 | model=0x101b02575d02d375baf4e7f9443ebb878fb5b9262003e1dbdf51cfa0dfa5bc570 | OK
CYC 12_L_ge_N#serial 20 | tb=0xc86b53db91a99a5e7609adf988139005bcd7f564a1c24e306da664c63362794d | model=0xc86b53db91a99a5e7609adf988139005bcd7f564a1c24e306da664c63362794d | OK
CYC 12_L_ge_N#serial 21 | tb=0x17207b7d5d171eaaf1061d64ecebe6b00ffccf129bb5f620f2a9538abebe406 | model=0x17207b7d5d171eaaf1061d64ecebe6b00ffccf129bb5f620f2a9538abebe406 | OK
CYC 12_L_ge_N#serial 22 | tb=0xf79fb7270d5d171eaaf1061d64ecebe6afeb6ca1527725c859723a66a4d701479 | model=0xf79fb7270d5d171eaaf1061d64ecebe6afeb6ca1527725c859723a66a4d701479 | OK
CYC 12_L_ge_N#serial 23 | tb=0xf1b7fa2e3d5d171eaaf1061d64ecebe6afeb6ca1527725c8594daa38dd56925ab | model=0xf1b7fa2e3d5d171eaaf1061d64ecebe6afeb6ca1527725c8594daa38dd56925ab | OK
CYC 12_L_ge_N#serial 24 | tb=0x19aa9b6d5ddf71859149b9c0309220911e2e9d5741f01403041a2208bccf0b46f | model=0x19aa9b6d5ddf71859149b9c0309220911e2e9d5741f01403041a2208bccf0b46f | OK
CYC 12_L_ge_N#serial 25 | tb=0x9aa9b6d6ddf71858149b9c0309220911e2e9d5731f01403041a2208bccf0b470 | model=0x9aa9b6d6ddf71858149b9c0309220911e2e9d5731f01403041a2208bccf0b470 | OK
CYC 12_L_ge_N#serial 26 | tb=0x9aa9b6d6ddf71858149b9c0309220911e2e9d5731f01403041a2208bccf0b470 | model=0x9aa9b6d6ddf71858149b9c0309220911e2e9d5731f01403041a2208bccf0b470 | OK
CYC 12_L_ge_N#serial 27 | tb=0x9aa9b6d6ddf71858149b9c0309220911e2e9d5731f01403041a2208bccf0b470 | model=0x9aa9b6d6ddf71858149b9c0309220911e2e9d5731f01403041a2208bccf0b470 | OK
CYC 13_two_A_bit256_set#overlap 3 | tb=0x2d26dccdeddb110c000000000000000000000000000000000000000000000000 | model=0x2d26dccdeddb110c000000000000000000000000000000000000000000000000 | OK
CYC 13_two_A_bit256_set#overlap 10 | tb=0x226e5ffd3aa672e58be6109064a2b70241fde2b78000000000000000000000000 | model=0x226e5ffd3aa672e58be6109064a2b70241fde2b78000000000000000000000000 | OK
CYC 13_two_A_bit256_set#overlap 11 | tb=0x226e5ffd5a426515e7aed2653088c792a6a099b9c000000000000000000000000 | model=0x226e5ffd5a426515e7aed2653088c792a6a099b9c000000000000000000000000 | OK
CYC 13_two_A_bit256_set#overlap 12 | tb=0x3261f5d670356d5e277ccb7d5e6d287d0c93a201f7e6f758de8de70cfff395d91 | model=0x3261f5d670356d5e277ccb7d5e6d287d0c93a201f7e6f758de8de70cfff395d91 | OK
CYC 13_two_A_bit256_set#overlap 13 | tb=0x422feeee9e19ce48877ccb7d5e6d287d0c93a201f8e5e8b4a674de65de817ce60 | model=0x422feeee9e19ce48877ccb7d5e6d287d0c93a201f8e5e8b4a674de65de817ce60 | OK
CYC 13_two_A_bit256_set#overlap 14 | tb=0x3a48f795be26386f6f95d4247fdf41700ca00c28e2f2e06c742382e4bd828b8a4 | model=0x3a48f795be26386f6f95d4247fdf41700ca00c28e2f2e06c742382e4bd828b8a4 | OK
CYC 13_two_A_bit256_set#overlap 15 | tb=0x394a0639ef9851627e96e2c8b7f84a172e12251be50e7f820e307a9c8b3130092 | model=0x394a0639ef9851627e96e2c8b7f84a172e12251be50e7f820e307a9c8b3130092 | OK
CYC 13_two_A_bit256_set#overlap 16 | tb=0x36f8aab8cf9851627e96e2c8b7f84a171e442c03b5408669e04c19b2253e27c0f | model=0x36f8aab8cf9851627e96e2c8b7f84a171e442c03b5408669e04c19b2253e27c0f | OK
CYC 13_two_A_bit256_set#overlap 17 | tb=0x3105a2709f9851627e96e2c8b7f84a171e442c03b5408669d07e2099f759c6d69 | model=0x3105a2709f9851627e96e2c8b7f84a171e442c03b5408669d07e2099f759c6d69 | OK
CYC 13_two_A_bit256_set#overlap 18 | tb=0x46e08362b4aa65e8709b0ebdcf24f36dc751ceca129c2158a2ff198ab4c35aed1 | model=0x46e08362b4aa65e8709b0ebdcf24f36dc751ceca129c2158a2ff198ab4c35aed1 | OK
CYC 13_two_A_bit256_set#overlap 19 | tb=0x6e08362f4aa65e8309b0ebdcf24f36dc751cec9d29c2158a2ff198ab4c35aed5 | model=0x6e08362f4aa65e8309b0ebdcf24f36dc751cec9d29c2158a2ff198ab4c35aed5 | OK
CYC 13_two_A_bit256_set#overlap 20 | tb=0x6e08362f4aa65e8309b0ebdcf24f36dc751cec9d29c2158a2ff198ab4c35aed5 | model=0x6e08362f4aa65e8309b0ebdcf24f36dc751cec9d29c2158a2ff198ab4c35aed5 | OK
CYC 13_two_A_bit256_set#overlap 21 | tb=0x6e08362f4aa65e8309b0ebdcf24f36dc751cec9d29c2158a2ff198ab4c35aed5 | model=0x6e08362f4aa65e8309b0ebdcf24f36dc751cec9d29c2158a2ff198ab4c35aed5 | OK
CYC 13_two_A_bit256_set#serial 3 | tb=0x2d26dccdeddb110c000000000000000000000000000000000000000000000000 | model=0x2d26dccdeddb110c000000000000000000000000000000000000000000000000 | OK
CYC 13_two_A_bit256_set#serial 4 | tb=0x2d26dccdeddb110c000000000000000000000000000000000000000000000000 | model=0x2d26dccdeddb110c000000000000000000000000000000000000000000000000 | OK
CYC 13_two_A_bit256_set#serial 5 | tb=0x2d26dccdeddb110c000000000000000000000000000000000000000000000000 | model=0x2d26dccdeddb110c000000000000000000000000000000000000000000000000 | OK
CYC 13_two_A_bit256_set#serial 6 | tb=0x2d26dccdeddb110c000000000000000000000000000000000000000000000000 | model=0x2d26dccdeddb110c000000000000000000000000000000000000000000000000 | OK
CYC 13_two_A_bit256_set#serial 7 | tb=0x2d26dccdeddb110c000000000000000000000000000000000000000000000000 | model=0x2d26dccdeddb110c000000000000000000000000000000000000000000000000 | OK
CYC 13_two_A_bit256_set#serial 8 | tb=0x2d26dccdeddb110c000000000000000000000000000000000000000000000000 | model=0x2d26dccdeddb110c000000000000000000000000000000000000000000000000 | OK
CYC 13_two_A_bit256_set#serial 9 | tb=0x2d26dccdeddb110c000000000000000000000000000000000000000000000000 | model=0x2d26dccdeddb110c000000000000000000000000000000000000000000000000 | OK
CYC 13_two_A_bit256_set#serial 10 | tb=0x2d26dccdeddb110c000000000000000000000000000000000000000000000000 | model=0x2d26dccdeddb110c000000000000000000000000000000000000000000000000 | OK
CYC 13_two_A_bit256_set#serial 11 | tb=0x2d26dccdeddb110c000000000000000000000000000000000000000000000000 | model=0x2d26dccdeddb110c000000000000000000000000000000000000000000000000 | OK
CYC 13_two_A_bit256_set#serial 12 | tb=0x2d26dccdeddb110c000000000000000000000000000000000000000000000000 | model=0x2d26dccdeddb110c000000000000000000000000000000000000000000000000 | OK
CYC 13_two_A_bit256_set#serial 13 | tb=0x2d26dccdeddb110c000000000000000000000000000000000000000000000000 | model=0x2d26dccdeddb110c000000000000000000000000000000000000000000000000 | OK
CYC 13_two_A_bit256_set#serial 14 | tb=0x2d26dccdeddb110c000000000000000000000000000000000000000000000000 | model=0x2d26dccdeddb110c000000000000000000000000000000000000000000000000 | OK
CYC 13_two_A_bit256_set#serial 15 | tb=0x2d26dccdeddb110c000000000000000000000000000000000000000000000000 | model=0x2d26dccdeddb110c000000000000000000000000000000000000000000000000 | OK
CYC 13_two_A_bit256_set#serial 16 | tb=0x226e5ffd3aa672e58be6109064a2b70241fde2b78000000000000000000000000 | model=0x226e5ffd3aa672e58be6109064a2b70241fde2b78000000000000000000000000 | OK
CYC 13_two_A_bit256_set#serial 17 | tb=0x226e5ffd5a426515e7aed2653088c792a6a099b9c000000000000000000000000 | model=0x226e5ffd5a426515e7aed2653088c792a6a099b9c000000000000000000000000 | OK
CYC 13_two_A_bit256_set#serial 18 | tb=0x3261f5d670356d5e277ccb7d5e6d287d0c93a201f7e6f758de8de70cfff395d91 | model=0x3261f5d670356d5e277ccb7d5e6d287d0c93a201f7e6f758de8de70cfff395d91 | OK
CYC 13_two_A_bit256_set#serial 19 | tb=0x422feeee9e19ce48877ccb7d5e6d287d0c93a201f8e5e8b4a674de65de817ce60 | model=0x422feeee9e19ce48877ccb7d5e6d287d0c93a201f8e5e8b4a674de65de817ce60 | OK
CYC 13_two_A_bit256_set#serial 20 | tb=0x3a48f795be26386f6f95d4247fdf41700ca00c28e2f2e06c742382e4bd828b8a4 | model=0x3a48f795be26386f6f95d4247fdf41700ca00c28e2f2e06c742382e4bd828b8a4 | OK
CYC 13_two_A_bit256_set#serial 21 | tb=0x394a0639ef9851627e96e2c8b7f84a172e12251be50e7f820e307a9c8b3130092 | model=0x394a0639ef9851627e96e2c8b7f84a172e12251be50e7f820e307a9c8b3130092 | OK
CYC 13_two_A_bit256_set#serial 22 | tb=0x36f8aab8cf9851627e96e2c8b7f84a171e442c03b5408669e04c19b2253e27c0f | model=0x36f8aab8cf9851627e96e2c8b7f84a171e442c03b5408669e04c19b2253e27c0f | OK
CYC 13_two_A_bit256_set#serial 23 | tb=0x3105a2709f9851627e96e2c8b7f84a171e442c03b5408669d07e2099f759c6d69 | model=0x3105a2709f9851627e96e2c8b7f84a171e442c03b5408669d07e2099f759c6d69 | OK
CYC 13_two_A_bit256_set#serial 24 | tb=0x46e08362b4aa65e8709b0ebdcf24f36dc751ceca129c2158a2ff198ab4c35aed1 | model=0x46e08362b4aa65e8709b0ebdcf24f36dc751ceca129c2158a2ff198ab4c35aed1 | OK
CYC 13_two_A_bit256_set#serial 25 | tb=0x6e08362f4aa65e8309b0ebdcf24f36dc751cec9d29c2158a2ff198ab4c35aed5 | model=0x6e08362f4aa65e8309b0ebdcf24f36dc751cec9d29c2158a2ff198ab4c35aed5 | OK
CYC 13_two_A_bit256_set#serial 26 | tb=0x6e08362f4aa65e8309b0ebdcf24f36dc751cec9d29c2158a2ff198ab4c35aed5 | model=0x6e08362f4aa65e8309b0ebdcf24f36dc751cec9d29c2158a2ff198ab4c35aed5 | OK
CYC 13_two_A_bit256_set#serial 27 | tb=0x6e08362f4aa65e8309b0ebdcf24f36dc751cec9d29c2158a2ff198ab4c35aed5 | model=0x6e08362f4aa65e8309b0ebdcf24f36dc751cec9d29c2158a2ff198ab4c35aed5 | OK
CYC 14_k_boundary_k=-4#overlap 3 | tb=0x0 | model=0x0 | OK
CYC 14_k_boundary_k=-4#overlap 10 | tb=0x1fffffffffffffffffffffffe000000000000000000000000 | model=0x1fffffffffffffffffffffffe000000000000000000000000 | OK
CYC 14_k_boundary_k=-4#overlap 11 | tb=0x200000001fffffffffffffffc000000000000000000000000 | model=0x200000001fffffffffffffffc000000000000000000000000 | OK
CYC 14_k_boundary_k=-4#overlap 12 | tb=0x1000000010000000200000000fffffffbffffffff0000000000000000 | model=0x1000000010000000200000000fffffffbffffffff0000000000000000 | OK
CYC 14_k_boundary_k=-4#overlap 13 | tb=0x1000000010000000200000000fffffffcfffffffeffffffff00000000 | model=0x1000000010000000200000000fffffffcfffffffeffffffff00000000 | OK
CYC 14_k_boundary_k=-4#overlap 14 | tb=0xf00000002000000000000000300000000fffffffbfffffffeffffffff00000001 | model=0xf00000002000000000000000300000000fffffffbfffffffeffffffff00000001 | OK
CYC 14_k_boundary_k=-4#overlap 15 | tb=0xe00000002ffffffff0000000300000001fffffffbfffffffdffffffff00000002 | model=0xe00000002ffffffff0000000300000001fffffffbfffffffdffffffff00000002 | OK
CYC 14_k_boundary_k=-4#overlap 16 | tb=0xd00000003ffffffff0000000300000001fffffffbfffffffdfffffffe00000003 | model=0xd00000003ffffffff0000000300000001fffffffbfffffffdfffffffe00000003 | OK
CYC 14_k_boundary_k=-4#overlap 17 | tb=0xc00000004ffffffff0000000300000001fffffffbfffffffdfffffffe00000003 | model=0xc00000004ffffffff0000000300000001fffffffbfffffffdfffffffe00000003 | OK
CYC 14_k_boundary_k=-4#overlap 18 | tb=0xc00000004ffffffff0000000300000001fffffffbfffffffdfffffffe00000003 | model=0xc00000004ffffffff0000000300000001fffffffbfffffffdfffffffe00000003 | OK
CYC 14_k_boundary_k=-4#overlap 19 | tb=0x1000000030000000300000001fffffffffffffffdfffffffdffffffff | model=0x1000000030000000300000001fffffffffffffffdfffffffdffffffff | OK
CYC 14_k_boundary_k=-4#overlap 20 | tb=0x1000000030000000300000001fffffffffffffffdfffffffdffffffff | model=0x1000000030000000300000001fffffffffffffffdfffffffdffffffff | OK
CYC 14_k_boundary_k=-4#overlap 21 | tb=0x1000000030000000300000001fffffffffffffffdfffffffdffffffff | model=0x1000000030000000300000001fffffffffffffffdfffffffdffffffff | OK
CYC 14_k_boundary_k=-4#serial 3 | tb=0x0 | model=0x0 | OK
CYC 14_k_boundary_k=-4#serial 4 | tb=0x0 | model=0x0 | OK
CYC 14_k_boundary_k=-4#serial 5 | tb=0x0 | model=0x0 | OK
CYC 14_k_boundary_k=-4#serial 6 | tb=0x0 | model=0x0 | OK
CYC 14_k_boundary_k=-4#serial 7 | tb=0x0 | model=0x0 | OK
CYC 14_k_boundary_k=-4#serial 8 | tb=0x0 | model=0x0 | OK
CYC 14_k_boundary_k=-4#serial 9 | tb=0x0 | model=0x0 | OK
CYC 14_k_boundary_k=-4#serial 10 | tb=0x0 | model=0x0 | OK
CYC 14_k_boundary_k=-4#serial 11 | tb=0x0 | model=0x0 | OK
CYC 14_k_boundary_k=-4#serial 12 | tb=0x0 | model=0x0 | OK
CYC 14_k_boundary_k=-4#serial 13 | tb=0x0 | model=0x0 | OK
CYC 14_k_boundary_k=-4#serial 14 | tb=0x0 | model=0x0 | OK
CYC 14_k_boundary_k=-4#serial 15 | tb=0x0 | model=0x0 | OK
CYC 14_k_boundary_k=-4#serial 16 | tb=0x1fffffffffffffffffffffffe000000000000000000000000 | model=0x1fffffffffffffffffffffffe000000000000000000000000 | OK
CYC 14_k_boundary_k=-4#serial 17 | tb=0x200000001fffffffffffffffc000000000000000000000000 | model=0x200000001fffffffffffffffc000000000000000000000000 | OK
CYC 14_k_boundary_k=-4#serial 18 | tb=0x1000000010000000200000000fffffffbffffffff0000000000000000 | model=0x1000000010000000200000000fffffffbffffffff0000000000000000 | OK
CYC 14_k_boundary_k=-4#serial 19 | tb=0x1000000010000000200000000fffffffcfffffffeffffffff00000000 | model=0x1000000010000000200000000fffffffcfffffffeffffffff00000000 | OK
CYC 14_k_boundary_k=-4#serial 20 | tb=0xf00000002000000000000000300000000fffffffbfffffffeffffffff00000001 | model=0xf00000002000000000000000300000000fffffffbfffffffeffffffff00000001 | OK
CYC 14_k_boundary_k=-4#serial 21 | tb=0xe00000002ffffffff0000000300000001fffffffbfffffffdffffffff00000002 | model=0xe00000002ffffffff0000000300000001fffffffbfffffffdffffffff00000002 | OK
CYC 14_k_boundary_k=-4#serial 22 | tb=0xd00000003ffffffff0000000300000001fffffffbfffffffdfffffffe00000003 | model=0xd00000003ffffffff0000000300000001fffffffbfffffffdfffffffe00000003 | OK
CYC 14_k_boundary_k=-4#serial 23 | tb=0xc00000004ffffffff0000000300000001fffffffbfffffffdfffffffe00000003 | model=0xc00000004ffffffff0000000300000001fffffffbfffffffdfffffffe00000003 | OK
CYC 14_k_boundary_k=-4#serial 24 | tb=0xc00000004ffffffff0000000300000001fffffffbfffffffdfffffffe00000003 | model=0xc00000004ffffffff0000000300000001fffffffbfffffffdfffffffe00000003 | OK
CYC 14_k_boundary_k=-4#serial 25 | tb=0x1000000030000000300000001fffffffffffffffdfffffffdffffffff | model=0x1000000030000000300000001fffffffffffffffdfffffffdffffffff | OK
CYC 14_k_boundary_k=-4#serial 26 | tb=0x1000000030000000300000001fffffffffffffffdfffffffdffffffff | model=0x1000000030000000300000001fffffffffffffffdfffffffdffffffff | OK
CYC 14_k_boundary_k=-4#serial 27 | tb=0x1000000030000000300000001fffffffffffffffdfffffffdffffffff | model=0x1000000030000000300000001fffffffffffffffdfffffffdffffffff | OK
CYC 14_k_boundary_k=7#overlap 3 | tb=0xffffffffffffffff000000000000000000000000000000000000000000000000 | model=0xffffffffffffffff000000000000000000000000000000000000000000000000 | OK
CYC 14_k_boundary_k=7#overlap 10 | tb=0x2fffffffffffffffd000000000000000000000000000000000000000000000000 | model=0x2fffffffffffffffd000000000000000000000000000000000000000000000000 | OK
CYC 14_k_boundary_k=7#overlap 11 | tb=0x300000001fffffffcfffffffe0000000000000000000000000000000000000000 | model=0x300000001fffffffcfffffffe0000000000000000000000000000000000000000 | OK
CYC 14_k_boundary_k=7#overlap 12 | tb=0x300000001fffffffdfffffffdffffffff00000000000000000000000000000000 | model=0x300000001fffffffdfffffffdffffffff00000000000000000000000000000000 | OK
CYC 14_k_boundary_k=7#overlap 13 | tb=0x400000001fffffffcfffffffdffffffff00000000000000000000000000000000 | model=0x400000001fffffffcfffffffdffffffff00000000000000000000000000000000 | OK
CYC 14_k_boundary_k=7#overlap 14 | tb=0x400000001fffffffcfffffffdffffffff00000000000000000000000000000000 | model=0x400000001fffffffcfffffffdffffffff00000000000000000000000000000000 | OK
CYC 14_k_boundary_k=7#overlap 15 | tb=0x400000001fffffffcfffffffdfffffffeffffffff000000010000000000000000 | model=0x400000001fffffffcfffffffdfffffffeffffffff000000010000000000000000 | OK
CYC 14_k_boundary_k=7#overlap 16 | tb=0x400000001fffffffcfffffffdfffffffdffffffff000000010000000100000000 | model=0x400000001fffffffcfffffffdfffffffdffffffff000000010000000100000000 | OK
CYC 14_k_boundary_k=7#overlap 17 | tb=0x400000001fffffffcfffffffdfffffffdffffffff000000000000000100000001 | model=0x400000001fffffffcfffffffdfffffffdffffffff000000000000000100000001 | OK
CYC 14_k_boundary_k=7#overlap 18 | tb=0x700000001fffffffcfffffffdfffffffdffffffff000000000000000100000000 | model=0x700000001fffffffcfffffffdfffffffdffffffff000000000000000100000000 | OK
CYC 14_k_boundary_k=7#overlap 19 | tb=0x8fffffff5fffffffdfffffffdfffffff8000000000000000100000007 | model=0x8fffffff5fffffffdfffffffdfffffff8000000000000000100000007 | OK
CYC 14_k_boundary_k=7#overlap 20 | tb=0x8fffffff5fffffffdfffffffdfffffff8000000000000000100000007 | model=0x8fffffff5fffffffdfffffffdfffffff8000000000000000100000007 | OK
CYC 14_k_boundary_k=7#overlap 21 | tb=0x8fffffff5fffffffdfffffffdfffffff8000000000000000100000007 | model=0x8fffffff5fffffffdfffffffdfffffff8000000000000000100000007 | OK
CYC 14_k_boundary_k=7#serial 3 | tb=0xffffffffffffffff000000000000000000000000000000000000000000000000 | model=0xffffffffffffffff000000000000000000000000000000000000000000000000 | OK
CYC 14_k_boundary_k=7#serial 4 | tb=0xffffffffffffffff000000000000000000000000000000000000000000000000 | model=0xffffffffffffffff000000000000000000000000000000000000000000000000 | OK
CYC 14_k_boundary_k=7#serial 5 | tb=0xffffffffffffffff000000000000000000000000000000000000000000000000 | model=0xffffffffffffffff000000000000000000000000000000000000000000000000 | OK
CYC 14_k_boundary_k=7#serial 6 | tb=0xffffffffffffffff000000000000000000000000000000000000000000000000 | model=0xffffffffffffffff000000000000000000000000000000000000000000000000 | OK
CYC 14_k_boundary_k=7#serial 7 | tb=0xffffffffffffffff000000000000000000000000000000000000000000000000 | model=0xffffffffffffffff000000000000000000000000000000000000000000000000 | OK
CYC 14_k_boundary_k=7#serial 8 | tb=0xffffffffffffffff000000000000000000000000000000000000000000000000 | model=0xffffffffffffffff000000000000000000000000000000000000000000000000 | OK
CYC 14_k_boundary_k=7#serial 9 | tb=0xffffffffffffffff000000000000000000000000000000000000000000000000 | model=0xffffffffffffffff000000000000000000000000000000000000000000000000 | OK
CYC 14_k_boundary_k=7#serial 10 | tb=0xffffffffffffffff000000000000000000000000000000000000000000000000 | model=0xffffffffffffffff000000000000000000000000000000000000000000000000 | OK
CYC 14_k_boundary_k=7#serial 11 | tb=0xffffffffffffffff000000000000000000000000000000000000000000000000 | model=0xffffffffffffffff000000000000000000000000000000000000000000000000 | OK
CYC 14_k_boundary_k=7#serial 12 | tb=0xffffffffffffffff000000000000000000000000000000000000000000000000 | model=0xffffffffffffffff000000000000000000000000000000000000000000000000 | OK
CYC 14_k_boundary_k=7#serial 13 | tb=0xffffffffffffffff000000000000000000000000000000000000000000000000 | model=0xffffffffffffffff000000000000000000000000000000000000000000000000 | OK
CYC 14_k_boundary_k=7#serial 14 | tb=0xffffffffffffffff000000000000000000000000000000000000000000000000 | model=0xffffffffffffffff000000000000000000000000000000000000000000000000 | OK
CYC 14_k_boundary_k=7#serial 15 | tb=0xffffffffffffffff000000000000000000000000000000000000000000000000 | model=0xffffffffffffffff000000000000000000000000000000000000000000000000 | OK
CYC 14_k_boundary_k=7#serial 16 | tb=0x2fffffffffffffffd000000000000000000000000000000000000000000000000 | model=0x2fffffffffffffffd000000000000000000000000000000000000000000000000 | OK
CYC 14_k_boundary_k=7#serial 17 | tb=0x300000001fffffffcfffffffe0000000000000000000000000000000000000000 | model=0x300000001fffffffcfffffffe0000000000000000000000000000000000000000 | OK
CYC 14_k_boundary_k=7#serial 18 | tb=0x300000001fffffffdfffffffdffffffff00000000000000000000000000000000 | model=0x300000001fffffffdfffffffdffffffff00000000000000000000000000000000 | OK
CYC 14_k_boundary_k=7#serial 19 | tb=0x400000001fffffffcfffffffdffffffff00000000000000000000000000000000 | model=0x400000001fffffffcfffffffdffffffff00000000000000000000000000000000 | OK
CYC 14_k_boundary_k=7#serial 20 | tb=0x400000001fffffffcfffffffdffffffff00000000000000000000000000000000 | model=0x400000001fffffffcfffffffdffffffff00000000000000000000000000000000 | OK
CYC 14_k_boundary_k=7#serial 21 | tb=0x400000001fffffffcfffffffdfffffffeffffffff000000010000000000000000 | model=0x400000001fffffffcfffffffdfffffffeffffffff000000010000000000000000 | OK
CYC 14_k_boundary_k=7#serial 22 | tb=0x400000001fffffffcfffffffdfffffffdffffffff000000010000000100000000 | model=0x400000001fffffffcfffffffdfffffffdffffffff000000010000000100000000 | OK
CYC 14_k_boundary_k=7#serial 23 | tb=0x400000001fffffffcfffffffdfffffffdffffffff000000000000000100000001 | model=0x400000001fffffffcfffffffdfffffffdffffffff000000000000000100000001 | OK
CYC 14_k_boundary_k=7#serial 24 | tb=0x700000001fffffffcfffffffdfffffffdffffffff000000000000000100000000 | model=0x700000001fffffffcfffffffdfffffffdffffffff000000000000000100000000 | OK
CYC 14_k_boundary_k=7#serial 25 | tb=0x8fffffff5fffffffdfffffffdfffffff8000000000000000100000007 | model=0x8fffffff5fffffffdfffffffdfffffff8000000000000000100000007 | OK
CYC 14_k_boundary_k=7#serial 26 | tb=0x8fffffff5fffffffdfffffffdfffffff8000000000000000100000007 | model=0x8fffffff5fffffffdfffffffdfffffff8000000000000000100000007 | OK
CYC 14_k_boundary_k=7#serial 27 | tb=0x8fffffff5fffffffdfffffffdfffffff8000000000000000100000007 | model=0x8fffffff5fffffffdfffffffdfffffff8000000000000000100000007 | OK
CYC 15a_T_max#overlap 3 | tb=0xffffffffffffffffffffffffffffffff00000000000000000000000000000000 | model=0xffffffffffffffffffffffffffffffff00000000000000000000000000000000 | OK
CYC 15a_T_max#overlap 10 | tb=0x2fffffffffffffffdffffffffffffffff00000000000000000000000000000000 | model=0x2fffffffffffffffdffffffffffffffff00000000000000000000000000000000 | OK
CYC 15a_T_max#overlap 11 | tb=0x300000001fffffffdfffffffdffffffff00000000000000000000000000000000 | model=0x300000001fffffffdfffffffdffffffff00000000000000000000000000000000 | OK
CYC 15a_T_max#overlap 12 | tb=0x400000000fffffffefffffffdfffffffe000000000000000000000000ffffffff | model=0x400000000fffffffefffffffdfffffffe000000000000000000000000ffffffff | OK
CYC 15a_T_max#overlap 13 | tb=0x500000000fffffffdfffffffdfffffffe000000000000000000000000ffffffff | model=0x500000000fffffffdfffffffdfffffffe000000000000000000000000ffffffff | OK
CYC 15a_T_max#overlap 14 | tb=0x4fffffffffffffffefffffffdfffffffd000000010000000000000000ffffffff | model=0x4fffffffffffffffefffffffdfffffffd000000010000000000000000ffffffff | OK
CYC 15a_T_max#overlap 15 | tb=0x4fffffffffffffffefffffffdfffffffd000000000000000100000000ffffffff | model=0x4fffffffffffffffefffffffdfffffffd000000000000000100000000ffffffff | OK
CYC 15a_T_max#overlap 16 | tb=0x4fffffffffffffffefffffffdfffffffc000000000000000100000001ffffffff | model=0x4fffffffffffffffefffffffdfffffffc000000000000000100000001ffffffff | OK
CYC 15a_T_max#overlap 17 | tb=0x4fffffffffffffffefffffffdfffffffc00000000000000000000000200000000 | model=0x4fffffffffffffffefffffffdfffffffc00000000000000000000000200000000 | OK
CYC 15a_T_max#overlap 18 | tb=0x7fffffffffffffffefffffffdfffffffc000000000000000000000001ffffffff | model=0x7fffffffffffffffefffffffdfffffffc000000000000000000000001ffffffff | OK
CYC 15a_T_max#overlap 19 | tb=0x100000006fffffff7fffffffdfffffffbfffffff9000000000000000200000006 | model=0x100000006fffffff7fffffffdfffffffbfffffff9000000000000000200000006 | OK
CYC 15a_T_max#overlap 20 | tb=0x7fffffff6fffffffdfffffffbfffffff8000000000000000200000007 | model=0x7fffffff6fffffffdfffffffbfffffff8000000000000000200000007 | OK
CYC 15a_T_max#overlap 21 | tb=0x7fffffff6fffffffdfffffffbfffffff8000000000000000200000007 | model=0x7fffffff6fffffffdfffffffbfffffff8000000000000000200000007 | OK
CYC 15a_T_max#serial 3 | tb=0xffffffffffffffffffffffffffffffff00000000000000000000000000000000 | model=0xffffffffffffffffffffffffffffffff00000000000000000000000000000000 | OK
CYC 15a_T_max#serial 4 | tb=0xffffffffffffffffffffffffffffffff00000000000000000000000000000000 | model=0xffffffffffffffffffffffffffffffff00000000000000000000000000000000 | OK
CYC 15a_T_max#serial 5 | tb=0xffffffffffffffffffffffffffffffff00000000000000000000000000000000 | model=0xffffffffffffffffffffffffffffffff00000000000000000000000000000000 | OK
CYC 15a_T_max#serial 6 | tb=0xffffffffffffffffffffffffffffffff00000000000000000000000000000000 | model=0xffffffffffffffffffffffffffffffff00000000000000000000000000000000 | OK
CYC 15a_T_max#serial 7 | tb=0xffffffffffffffffffffffffffffffff00000000000000000000000000000000 | model=0xffffffffffffffffffffffffffffffff00000000000000000000000000000000 | OK
CYC 15a_T_max#serial 8 | tb=0xffffffffffffffffffffffffffffffff00000000000000000000000000000000 | model=0xffffffffffffffffffffffffffffffff00000000000000000000000000000000 | OK
CYC 15a_T_max#serial 9 | tb=0xffffffffffffffffffffffffffffffff00000000000000000000000000000000 | model=0xffffffffffffffffffffffffffffffff00000000000000000000000000000000 | OK
CYC 15a_T_max#serial 10 | tb=0xffffffffffffffffffffffffffffffff00000000000000000000000000000000 | model=0xffffffffffffffffffffffffffffffff00000000000000000000000000000000 | OK
CYC 15a_T_max#serial 11 | tb=0xffffffffffffffffffffffffffffffff00000000000000000000000000000000 | model=0xffffffffffffffffffffffffffffffff00000000000000000000000000000000 | OK
CYC 15a_T_max#serial 12 | tb=0xffffffffffffffffffffffffffffffff00000000000000000000000000000000 | model=0xffffffffffffffffffffffffffffffff00000000000000000000000000000000 | OK
CYC 15a_T_max#serial 13 | tb=0xffffffffffffffffffffffffffffffff00000000000000000000000000000000 | model=0xffffffffffffffffffffffffffffffff00000000000000000000000000000000 | OK
CYC 15a_T_max#serial 14 | tb=0xffffffffffffffffffffffffffffffff00000000000000000000000000000000 | model=0xffffffffffffffffffffffffffffffff00000000000000000000000000000000 | OK
CYC 15a_T_max#serial 15 | tb=0xffffffffffffffffffffffffffffffff00000000000000000000000000000000 | model=0xffffffffffffffffffffffffffffffff00000000000000000000000000000000 | OK
CYC 15a_T_max#serial 16 | tb=0x2fffffffffffffffdffffffffffffffff00000000000000000000000000000000 | model=0x2fffffffffffffffdffffffffffffffff00000000000000000000000000000000 | OK
CYC 15a_T_max#serial 17 | tb=0x300000001fffffffdfffffffdffffffff00000000000000000000000000000000 | model=0x300000001fffffffdfffffffdffffffff00000000000000000000000000000000 | OK
CYC 15a_T_max#serial 18 | tb=0x400000000fffffffefffffffdfffffffe000000000000000000000000ffffffff | model=0x400000000fffffffefffffffdfffffffe000000000000000000000000ffffffff | OK
CYC 15a_T_max#serial 19 | tb=0x500000000fffffffdfffffffdfffffffe000000000000000000000000ffffffff | model=0x500000000fffffffdfffffffdfffffffe000000000000000000000000ffffffff | OK
CYC 15a_T_max#serial 20 | tb=0x4fffffffffffffffefffffffdfffffffd000000010000000000000000ffffffff | model=0x4fffffffffffffffefffffffdfffffffd000000010000000000000000ffffffff | OK
CYC 15a_T_max#serial 21 | tb=0x4fffffffffffffffefffffffdfffffffd000000000000000100000000ffffffff | model=0x4fffffffffffffffefffffffdfffffffd000000000000000100000000ffffffff | OK
CYC 15a_T_max#serial 22 | tb=0x4fffffffffffffffefffffffdfffffffc000000000000000100000001ffffffff | model=0x4fffffffffffffffefffffffdfffffffc000000000000000100000001ffffffff | OK
CYC 15a_T_max#serial 23 | tb=0x4fffffffffffffffefffffffdfffffffc00000000000000000000000200000000 | model=0x4fffffffffffffffefffffffdfffffffc00000000000000000000000200000000 | OK
CYC 15a_T_max#serial 24 | tb=0x7fffffffffffffffefffffffdfffffffc000000000000000000000001ffffffff | model=0x7fffffffffffffffefffffffdfffffffc000000000000000000000001ffffffff | OK
CYC 15a_T_max#serial 25 | tb=0x100000006fffffff7fffffffdfffffffbfffffff9000000000000000200000006 | model=0x100000006fffffff7fffffffdfffffffbfffffff9000000000000000200000006 | OK
CYC 15a_T_max#serial 26 | tb=0x7fffffff6fffffffdfffffffbfffffff8000000000000000200000007 | model=0x7fffffff6fffffffdfffffffbfffffff8000000000000000200000007 | OK
CYC 15a_T_max#serial 27 | tb=0x7fffffff6fffffffdfffffffbfffffff8000000000000000200000007 | model=0x7fffffff6fffffffdfffffffbfffffff8000000000000000200000007 | OK
CYC 15b_T_min#overlap 3 | tb=0x0 | model=0x0 | OK
CYC 15b_T_min#overlap 10 | tb=0x1fffffffffffffffe000000000000000000000000 | model=0x1fffffffffffffffe000000000000000000000000 | OK
CYC 15b_T_min#overlap 11 | tb=0x200000001fffffffc000000000000000000000000 | model=0x200000001fffffffc000000000000000000000000 | OK
CYC 15b_T_min#overlap 12 | tb=0xffffffff000000000000000200000001fffffffcffffffffffffffffffffffff | model=0xffffffff000000000000000200000001fffffffcffffffffffffffffffffffff | OK
CYC 15b_T_min#overlap 13 | tb=0xffffffff000000000000000200000001fffffffdfffffffffffffffffffffffe | model=0xffffffff000000000000000200000001fffffffdfffffffffffffffffffffffe | OK
CYC 15b_T_min#overlap 14 | tb=0xfffffffff000000000000000200000001fffffffefffffffeffffffffffffffff | model=0xfffffffff000000000000000200000001fffffffefffffffeffffffffffffffff | OK
CYC 15b_T_min#overlap 15 | tb=0xeffffffff000000000000000200000001fffffffffffffffeffffffff00000000 | model=0xeffffffff000000000000000200000001fffffffffffffffeffffffff00000000 | OK
CYC 15b_T_min#overlap 16 | tb=0xe00000000000000000000000200000001fffffffffffffffeffffffff00000000 | model=0xe00000000000000000000000200000001fffffffffffffffeffffffff00000000 | OK
CYC 15b_T_min#overlap 17 | tb=0xe00000000000000000000000200000001fffffffffffffffeffffffff00000000 | model=0xe00000000000000000000000200000001fffffffffffffffeffffffff00000000 | OK
CYC 15b_T_min#overlap 18 | tb=0xe00000000000000000000000200000001fffffffffffffffeffffffff00000000 | model=0xe00000000000000000000000200000001fffffffffffffffeffffffff00000000 | OK
CYC 15b_T_min#overlap 19 | tb=0xffffffffe00000002000000020000000200000001fffffffefffffffefffffffe | model=0xffffffffe00000002000000020000000200000001fffffffefffffffefffffffe | OK
CYC 15b_T_min#overlap 20 | tb=0xfffffffd00000003000000020000000200000002fffffffefffffffefffffffd | model=0xfffffffd00000003000000020000000200000002fffffffefffffffefffffffd | OK
CYC 15b_T_min#overlap 21 | tb=0xfffffffd00000003000000020000000200000002fffffffefffffffefffffffd | model=0xfffffffd00000003000000020000000200000002fffffffefffffffefffffffd | OK
CYC 15b_T_min#serial 3 | tb=0x0 | model=0x0 | OK
CYC 15b_T_min#serial 4 | tb=0x0 | model=0x0 | OK
CYC 15b_T_min#serial 5 | tb=0x0 | model=0x0 | OK
CYC 15b_T_min#serial 6 | tb=0x0 | model=0x0 | OK
CYC 15b_T_min#serial 7 | tb=0x0 | model=0x0 | OK
CYC 15b_T_min#serial 8 | tb=0x0 | model=0x0 | OK
CYC 15b_T_min#serial 9 | tb=0x0 | model=0x0 | OK
CYC 15b_T_min#serial 10 | tb=0x0 | model=0x0 | OK
CYC 15b_T_min#serial 11 | tb=0x0 | model=0x0 | OK
CYC 15b_T_min#serial 12 | tb=0x0 | model=0x0 | OK
CYC 15b_T_min#serial 13 | tb=0x0 | model=0x0 | OK
CYC 15b_T_min#serial 14 | tb=0x0 | model=0x0 | OK
CYC 15b_T_min#serial 15 | tb=0x0 | model=0x0 | OK
CYC 15b_T_min#serial 16 | tb=0x1fffffffffffffffe000000000000000000000000 | model=0x1fffffffffffffffe000000000000000000000000 | OK
CYC 15b_T_min#serial 17 | tb=0x200000001fffffffc000000000000000000000000 | model=0x200000001fffffffc000000000000000000000000 | OK
CYC 15b_T_min#serial 18 | tb=0xffffffff000000000000000200000001fffffffcffffffffffffffffffffffff | model=0xffffffff000000000000000200000001fffffffcffffffffffffffffffffffff | OK
CYC 15b_T_min#serial 19 | tb=0xffffffff000000000000000200000001fffffffdfffffffffffffffffffffffe | model=0xffffffff000000000000000200000001fffffffdfffffffffffffffffffffffe | OK
CYC 15b_T_min#serial 20 | tb=0xfffffffff000000000000000200000001fffffffefffffffeffffffffffffffff | model=0xfffffffff000000000000000200000001fffffffefffffffeffffffffffffffff | OK
CYC 15b_T_min#serial 21 | tb=0xeffffffff000000000000000200000001fffffffffffffffeffffffff00000000 | model=0xeffffffff000000000000000200000001fffffffffffffffeffffffff00000000 | OK
CYC 15b_T_min#serial 22 | tb=0xe00000000000000000000000200000001fffffffffffffffeffffffff00000000 | model=0xe00000000000000000000000200000001fffffffffffffffeffffffff00000000 | OK
CYC 15b_T_min#serial 23 | tb=0xe00000000000000000000000200000001fffffffffffffffeffffffff00000000 | model=0xe00000000000000000000000200000001fffffffffffffffeffffffff00000000 | OK
CYC 15b_T_min#serial 24 | tb=0xe00000000000000000000000200000001fffffffffffffffeffffffff00000000 | model=0xe00000000000000000000000200000001fffffffffffffffeffffffff00000000 | OK
CYC 15b_T_min#serial 25 | tb=0xffffffffe00000002000000020000000200000001fffffffefffffffefffffffe | model=0xffffffffe00000002000000020000000200000001fffffffefffffffefffffffe | OK
CYC 15b_T_min#serial 26 | tb=0xfffffffd00000003000000020000000200000002fffffffefffffffefffffffd | model=0xfffffffd00000003000000020000000200000002fffffffefffffffefffffffd | OK
CYC 15b_T_min#serial 27 | tb=0xfffffffd00000003000000020000000200000002fffffffefffffffefffffffd | model=0xfffffffd00000003000000020000000200000002fffffffefffffffefffffffd | OK
CYC 16_rand_01#overlap 3 | tb=0xed85b5558a610b37000000000000000000000000000000000000000000000000 | model=0xed85b5558a610b37000000000000000000000000000000000000000000000000 | OK
CYC 16_rand_01#overlap 10 | tb=0x11049fe6a63db20a656b53e789209a340c11582ca000000000000000000000000 | model=0x11049fe6a63db20a656b53e789209a340c11582ca000000000000000000000000 | OK
CYC 16_rand_01#overlap 11 | tb=0x11049fe6a869f69bb302f53e7e8bee1b9531f260a000000000000000000000000 | model=0x11049fe6a869f69bb302f53e7e8bee1b9531f260a000000000000000000000000 | OK
CYC 16_rand_01#overlap 12 | tb=0x154a956aa31fa08f741917872557bec70fe79c54668cebdf5c0b2fdf3445f583f | model=0x154a956aa31fa08f741917872557bec70fe79c54668cebdf5c0b2fdf3445f583f | OK
CYC 16_rand_01#overlap 13 | tb=0x1660b7b349eb713ae41917872557bec70fe79c546c9597f5b2981bbe905125632 | model=0x1660b7b349eb713ae41917872557bec70fe79c546c9597f5b2981bbe905125632 | OK
CYC 16_rand_01#overlap 14 | tb=0xfd3cbd3f5a57bb6ed8c2ba7c94c8ee7dba1a6d071dfee01ee07cea48a48794cd | model=0xfd3cbd3f5a57bb6ed8c2ba7c94c8ee7dba1a6d071dfee01ee07cea48a48794cd | OK
CYC 16_rand_01#overlap 15 | tb=0x9cb1fbd999a4bd7b7837f9172bfa3087f9676f13b141d56735224b0c5b82c32d | model=0x9cb1fbd999a4bd7b7837f9172bfa3087f9676f13b141d56735224b0c5b82c32d | OK
CYC 16_rand_01#overlap 16 | tb=0x53ad2a3999a4bd7b7837f9172bfa3087e8054a899fdfb0dcc8654054b02823f1 | model=0x53ad2a3999a4bd7b7837f9172bfa3087e8054a899fdfb0dcc8654054b02823f1 | OK
CYC 16_rand_01#overlap 17 | tb=0xfa8528afd99a4bd7b7837f9172bfa3087e8054a899fdfb0dcb7031bca436b193a | model=0xfa8528afd99a4bd7b7837f9172bfa3087e8054a899fdfb0dcb7031bca436b193a | OK
CYC 16_rand_01#overlap 18 | tb=0x2af654acce365a43cac2c0137fe8251b1532f6cf8169abbf2a521bdd537abdfa | model=0x2af654acce365a43cac2c0137fe8251b1532f6cf8169abbf2a521bdd537abdfa | OK
CYC 16_rand_01#overlap 19 | tb=0x2af654acce365a43cac2c0137fe8251b1532f6cf8169abbf2a521bdd537abdfa | model=0x2af654acce365a43cac2c0137fe8251b1532f6cf8169abbf2a521bdd537abdfa | OK
CYC 16_rand_01#overlap 20 | tb=0x2af654acce365a43cac2c0137fe8251b1532f6cf8169abbf2a521bdd537abdfa | model=0x2af654acce365a43cac2c0137fe8251b1532f6cf8169abbf2a521bdd537abdfa | OK
CYC 16_rand_01#overlap 21 | tb=0x2af654acce365a43cac2c0137fe8251b1532f6cf8169abbf2a521bdd537abdfa | model=0x2af654acce365a43cac2c0137fe8251b1532f6cf8169abbf2a521bdd537abdfa | OK
CYC 16_rand_01#serial 3 | tb=0xed85b5558a610b37000000000000000000000000000000000000000000000000 | model=0xed85b5558a610b37000000000000000000000000000000000000000000000000 | OK
CYC 16_rand_01#serial 4 | tb=0xed85b5558a610b37000000000000000000000000000000000000000000000000 | model=0xed85b5558a610b37000000000000000000000000000000000000000000000000 | OK
CYC 16_rand_01#serial 5 | tb=0xed85b5558a610b37000000000000000000000000000000000000000000000000 | model=0xed85b5558a610b37000000000000000000000000000000000000000000000000 | OK
CYC 16_rand_01#serial 6 | tb=0xed85b5558a610b37000000000000000000000000000000000000000000000000 | model=0xed85b5558a610b37000000000000000000000000000000000000000000000000 | OK
CYC 16_rand_01#serial 7 | tb=0xed85b5558a610b37000000000000000000000000000000000000000000000000 | model=0xed85b5558a610b37000000000000000000000000000000000000000000000000 | OK
CYC 16_rand_01#serial 8 | tb=0xed85b5558a610b37000000000000000000000000000000000000000000000000 | model=0xed85b5558a610b37000000000000000000000000000000000000000000000000 | OK
CYC 16_rand_01#serial 9 | tb=0xed85b5558a610b37000000000000000000000000000000000000000000000000 | model=0xed85b5558a610b37000000000000000000000000000000000000000000000000 | OK
CYC 16_rand_01#serial 10 | tb=0xed85b5558a610b37000000000000000000000000000000000000000000000000 | model=0xed85b5558a610b37000000000000000000000000000000000000000000000000 | OK
CYC 16_rand_01#serial 11 | tb=0xed85b5558a610b37000000000000000000000000000000000000000000000000 | model=0xed85b5558a610b37000000000000000000000000000000000000000000000000 | OK
CYC 16_rand_01#serial 12 | tb=0xed85b5558a610b37000000000000000000000000000000000000000000000000 | model=0xed85b5558a610b37000000000000000000000000000000000000000000000000 | OK
CYC 16_rand_01#serial 13 | tb=0xed85b5558a610b37000000000000000000000000000000000000000000000000 | model=0xed85b5558a610b37000000000000000000000000000000000000000000000000 | OK
CYC 16_rand_01#serial 14 | tb=0xed85b5558a610b37000000000000000000000000000000000000000000000000 | model=0xed85b5558a610b37000000000000000000000000000000000000000000000000 | OK
CYC 16_rand_01#serial 15 | tb=0xed85b5558a610b37000000000000000000000000000000000000000000000000 | model=0xed85b5558a610b37000000000000000000000000000000000000000000000000 | OK
CYC 16_rand_01#serial 16 | tb=0x11049fe6a63db20a656b53e789209a340c11582ca000000000000000000000000 | model=0x11049fe6a63db20a656b53e789209a340c11582ca000000000000000000000000 | OK
CYC 16_rand_01#serial 17 | tb=0x11049fe6a869f69bb302f53e7e8bee1b9531f260a000000000000000000000000 | model=0x11049fe6a869f69bb302f53e7e8bee1b9531f260a000000000000000000000000 | OK
CYC 16_rand_01#serial 18 | tb=0x154a956aa31fa08f741917872557bec70fe79c54668cebdf5c0b2fdf3445f583f | model=0x154a956aa31fa08f741917872557bec70fe79c54668cebdf5c0b2fdf3445f583f | OK
CYC 16_rand_01#serial 19 | tb=0x1660b7b349eb713ae41917872557bec70fe79c546c9597f5b2981bbe905125632 | model=0x1660b7b349eb713ae41917872557bec70fe79c546c9597f5b2981bbe905125632 | OK
CYC 16_rand_01#serial 20 | tb=0xfd3cbd3f5a57bb6ed8c2ba7c94c8ee7dba1a6d071dfee01ee07cea48a48794cd | model=0xfd3cbd3f5a57bb6ed8c2ba7c94c8ee7dba1a6d071dfee01ee07cea48a48794cd | OK
CYC 16_rand_01#serial 21 | tb=0x9cb1fbd999a4bd7b7837f9172bfa3087f9676f13b141d56735224b0c5b82c32d | model=0x9cb1fbd999a4bd7b7837f9172bfa3087f9676f13b141d56735224b0c5b82c32d | OK
CYC 16_rand_01#serial 22 | tb=0x53ad2a3999a4bd7b7837f9172bfa3087e8054a899fdfb0dcc8654054b02823f1 | model=0x53ad2a3999a4bd7b7837f9172bfa3087e8054a899fdfb0dcc8654054b02823f1 | OK
CYC 16_rand_01#serial 23 | tb=0xfa8528afd99a4bd7b7837f9172bfa3087e8054a899fdfb0dcb7031bca436b193a | model=0xfa8528afd99a4bd7b7837f9172bfa3087e8054a899fdfb0dcb7031bca436b193a | OK
CYC 16_rand_01#serial 24 | tb=0x2af654acce365a43cac2c0137fe8251b1532f6cf8169abbf2a521bdd537abdfa | model=0x2af654acce365a43cac2c0137fe8251b1532f6cf8169abbf2a521bdd537abdfa | OK
CYC 16_rand_01#serial 25 | tb=0x2af654acce365a43cac2c0137fe8251b1532f6cf8169abbf2a521bdd537abdfa | model=0x2af654acce365a43cac2c0137fe8251b1532f6cf8169abbf2a521bdd537abdfa | OK
CYC 16_rand_01#serial 26 | tb=0x2af654acce365a43cac2c0137fe8251b1532f6cf8169abbf2a521bdd537abdfa | model=0x2af654acce365a43cac2c0137fe8251b1532f6cf8169abbf2a521bdd537abdfa | OK
CYC 16_rand_01#serial 27 | tb=0x2af654acce365a43cac2c0137fe8251b1532f6cf8169abbf2a521bdd537abdfa | model=0x2af654acce365a43cac2c0137fe8251b1532f6cf8169abbf2a521bdd537abdfa | OK
CYC 16_rand_02#overlap 3 | tb=0x5907366c474fd29a000000000000000000000000000000000000000000000000 | model=0x5907366c474fd29a000000000000000000000000000000000000000000000000 | OK
CYC 16_rand_02#overlap 10 | tb=0xa55d86ee859fa020e4e04a3a480af186ef84ef88000000000000000000000000 | model=0xa55d86ee859fa020e4e04a3a480af186ef84ef88000000000000000000000000 | OK
CYC 16_rand_02#overlap 11 | tb=0xa55d86eed1f5f0a3233017c12ceb3bc1378fe10e000000000000000000000000 | model=0xa55d86eed1f5f0a3233017c12ceb3bc1378fe10e000000000000000000000000 | OK
CYC 16_rand_02#overlap 12 | tb=0xeb660102446615c0495b40024c132284aa00062b635720309bdcc1ac46087a13 | model=0xeb660102446615c0495b40024c132284aa00062b635720309bdcc1ac46087a13 | OK
CYC 16_rand_02#overlap 13 | tb=0x111912943638dfc83495b40024c132284aa00062bdb1997f4ff33e1dce1e53bbf | model=0x111912943638dfc83495b40024c132284aa00062bdb1997f4ff33e1dce1e53bbf | OK
CYC 16_rand_02#overlap 14 | tb=0xae3a09131d85826fe6041fd1b03660d863f78c1868a972d7db2e69196a22c3fb | model=0xae3a09131d85826fe6041fd1b03660d863f78c1868a972d7db2e69196a22c3fb | OK
CYC 16_rand_02#overlap 15 | tb=0x3677914e81a8c0c36e41a80d4cdf40a7c81aca6c49818c1468be43fc461d4b38 | model=0x3677914e81a8c0c36e41a80d4cdf40a7c81aca6c49818c1468be43fc461d4b38 | OK
CYC 16_rand_02#overlap 16 | tb=0x1272188b81a8c0c36e41a80d4cdf40a7a1efa22b235663d349965d38d3ad261b | model=0x1272188b81a8c0c36e41a80d4cdf40a7a1efa22b235663d349965d38d3ad261b | OK
CYC 16_rand_02#overlap 17 | tb=0xfa001f36e81a8c0c36e41a80d4cdf40a7a1efa22b235663d3236b34f7b4853f58 | model=0xfa001f36e81a8c0c36e41a80d4cdf40a7a1efa22b235663d3236b34f7b4853f58 | OK
CYC 16_rand_02#overlap 18 | tb=0xfcae468cec010b3400085fbdb3e42ef54f64fe0b848ab8636cd16dd86c2f0458f | model=0xfcae468cec010b3400085fbdb3e42ef54f64fe0b848ab8636cd16dd86c2f0458f | OK
CYC 16_rand_02#overlap 19 | tb=0xcae468cdc010b3410085fbdb3e42ef54f64fe0b948ab8636cd16dd86c2f0458e | model=0xcae468cdc010b3410085fbdb3e42ef54f64fe0b948ab8636cd16dd86c2f0458e | OK
CYC 16_rand_02#overlap 20 | tb=0xcae468cdc010b3410085fbdb3e42ef54f64fe0b948ab8636cd16dd86c2f0458e | model=0xcae468cdc010b3410085fbdb3e42ef54f64fe0b948ab8636cd16dd86c2f0458e | OK
CYC 16_rand_02#overlap 21 | tb=0xcae468cdc010b3410085fbdb3e42ef54f64fe0b948ab8636cd16dd86c2f0458e | model=0xcae468cdc010b3410085fbdb3e42ef54f64fe0b948ab8636cd16dd86c2f0458e | OK
CYC 16_rand_02#serial 3 | tb=0x5907366c474fd29a000000000000000000000000000000000000000000000000 | model=0x5907366c474fd29a000000000000000000000000000000000000000000000000 | OK
CYC 16_rand_02#serial 4 | tb=0x5907366c474fd29a000000000000000000000000000000000000000000000000 | model=0x5907366c474fd29a000000000000000000000000000000000000000000000000 | OK
CYC 16_rand_02#serial 5 | tb=0x5907366c474fd29a000000000000000000000000000000000000000000000000 | model=0x5907366c474fd29a000000000000000000000000000000000000000000000000 | OK
CYC 16_rand_02#serial 6 | tb=0x5907366c474fd29a000000000000000000000000000000000000000000000000 | model=0x5907366c474fd29a000000000000000000000000000000000000000000000000 | OK
CYC 16_rand_02#serial 7 | tb=0x5907366c474fd29a000000000000000000000000000000000000000000000000 | model=0x5907366c474fd29a000000000000000000000000000000000000000000000000 | OK
CYC 16_rand_02#serial 8 | tb=0x5907366c474fd29a000000000000000000000000000000000000000000000000 | model=0x5907366c474fd29a000000000000000000000000000000000000000000000000 | OK
CYC 16_rand_02#serial 9 | tb=0x5907366c474fd29a000000000000000000000000000000000000000000000000 | model=0x5907366c474fd29a000000000000000000000000000000000000000000000000 | OK
CYC 16_rand_02#serial 10 | tb=0x5907366c474fd29a000000000000000000000000000000000000000000000000 | model=0x5907366c474fd29a000000000000000000000000000000000000000000000000 | OK
CYC 16_rand_02#serial 11 | tb=0x5907366c474fd29a000000000000000000000000000000000000000000000000 | model=0x5907366c474fd29a000000000000000000000000000000000000000000000000 | OK
CYC 16_rand_02#serial 12 | tb=0x5907366c474fd29a000000000000000000000000000000000000000000000000 | model=0x5907366c474fd29a000000000000000000000000000000000000000000000000 | OK
CYC 16_rand_02#serial 13 | tb=0x5907366c474fd29a000000000000000000000000000000000000000000000000 | model=0x5907366c474fd29a000000000000000000000000000000000000000000000000 | OK
CYC 16_rand_02#serial 14 | tb=0x5907366c474fd29a000000000000000000000000000000000000000000000000 | model=0x5907366c474fd29a000000000000000000000000000000000000000000000000 | OK
CYC 16_rand_02#serial 15 | tb=0x5907366c474fd29a000000000000000000000000000000000000000000000000 | model=0x5907366c474fd29a000000000000000000000000000000000000000000000000 | OK
CYC 16_rand_02#serial 16 | tb=0xa55d86ee859fa020e4e04a3a480af186ef84ef88000000000000000000000000 | model=0xa55d86ee859fa020e4e04a3a480af186ef84ef88000000000000000000000000 | OK
CYC 16_rand_02#serial 17 | tb=0xa55d86eed1f5f0a3233017c12ceb3bc1378fe10e000000000000000000000000 | model=0xa55d86eed1f5f0a3233017c12ceb3bc1378fe10e000000000000000000000000 | OK
CYC 16_rand_02#serial 18 | tb=0xeb660102446615c0495b40024c132284aa00062b635720309bdcc1ac46087a13 | model=0xeb660102446615c0495b40024c132284aa00062b635720309bdcc1ac46087a13 | OK
CYC 16_rand_02#serial 19 | tb=0x111912943638dfc83495b40024c132284aa00062bdb1997f4ff33e1dce1e53bbf | model=0x111912943638dfc83495b40024c132284aa00062bdb1997f4ff33e1dce1e53bbf | OK
CYC 16_rand_02#serial 20 | tb=0xae3a09131d85826fe6041fd1b03660d863f78c1868a972d7db2e69196a22c3fb | model=0xae3a09131d85826fe6041fd1b03660d863f78c1868a972d7db2e69196a22c3fb | OK
CYC 16_rand_02#serial 21 | tb=0x3677914e81a8c0c36e41a80d4cdf40a7c81aca6c49818c1468be43fc461d4b38 | model=0x3677914e81a8c0c36e41a80d4cdf40a7c81aca6c49818c1468be43fc461d4b38 | OK
CYC 16_rand_02#serial 22 | tb=0x1272188b81a8c0c36e41a80d4cdf40a7a1efa22b235663d349965d38d3ad261b | model=0x1272188b81a8c0c36e41a80d4cdf40a7a1efa22b235663d349965d38d3ad261b | OK
CYC 16_rand_02#serial 23 | tb=0xfa001f36e81a8c0c36e41a80d4cdf40a7a1efa22b235663d3236b34f7b4853f58 | model=0xfa001f36e81a8c0c36e41a80d4cdf40a7a1efa22b235663d3236b34f7b4853f58 | OK
CYC 16_rand_02#serial 24 | tb=0xfcae468cec010b3400085fbdb3e42ef54f64fe0b848ab8636cd16dd86c2f0458f | model=0xfcae468cec010b3400085fbdb3e42ef54f64fe0b848ab8636cd16dd86c2f0458f | OK
CYC 16_rand_02#serial 25 | tb=0xcae468cdc010b3410085fbdb3e42ef54f64fe0b948ab8636cd16dd86c2f0458e | model=0xcae468cdc010b3410085fbdb3e42ef54f64fe0b948ab8636cd16dd86c2f0458e | OK
CYC 16_rand_02#serial 26 | tb=0xcae468cdc010b3410085fbdb3e42ef54f64fe0b948ab8636cd16dd86c2f0458e | model=0xcae468cdc010b3410085fbdb3e42ef54f64fe0b948ab8636cd16dd86c2f0458e | OK
CYC 16_rand_02#serial 27 | tb=0xcae468cdc010b3410085fbdb3e42ef54f64fe0b948ab8636cd16dd86c2f0458e | model=0xcae468cdc010b3410085fbdb3e42ef54f64fe0b948ab8636cd16dd86c2f0458e | OK
CYC 16_rand_03#overlap 3 | tb=0xf9cbc90669c6aa07000000000000000000000000000000000000000000000000 | model=0xf9cbc90669c6aa07000000000000000000000000000000000000000000000000 | OK
CYC 16_rand_03#overlap 10 | tb=0x141370b8361fd4b0381b38b86bfe6111a08e94cb8000000000000000000000000 | model=0x141370b8361fd4b0381b38b86bfe6111a08e94cb8000000000000000000000000 | OK
CYC 16_rand_03#overlap 11 | tb=0x141370b83a9688d8079ea2c8341999ca0c8cf5dd2000000000000000000000000 | model=0x141370b83a9688d8079ea2c8341999ca0c8cf5dd2000000000000000000000000 | OK
CYC 16_rand_03#overlap 12 | tb=0x14851b7a5ea4253439d9fcdc1bdb4ed1f09a92395ce12c0389829a214071aac22 | model=0x14851b7a5ea4253439d9fcdc1bdb4ed1f09a92395ce12c0389829a214071aac22 | OK
CYC 16_rand_03#overlap 13 | tb=0x16c0758e4665da3c19d9fcdc1bdb4ed1f09a92395d2876695663c624c9f444e36 | model=0x16c0758e4665da3c19d9fcdc1bdb4ed1f09a92395d2876695663c624c9f444e36 | OK
CYC 16_rand_03#overlap 14 | tb=0x9df498ac5f42f79ecf8d0d89258b4b0b028e777391ada0d2064959bf9acfa7da | model=0x9df498ac5f42f79ecf8d0d89258b4b0b028e777391ada0d2064959bf9acfa7da | OK
CYC 16_rand_03#overlap 15 | tb=0x997ff24fc719558acb18672c57788ad26a64d55f15925053c56f93fc3adc9f4d | model=0x997ff24fc719558acb18672c57788ad26a64d55f15925053c56f93fc3adc9f4d | OK
CYC 16_rand_03#overlap 16 | tb=0x398ce9c2c719558acb18672c57788ad246af3420f1dcaf154954437dfa02d98a | model=0x398ce9c2c719558acb18672c57788ad246af3420f1dcaf154954437dfa02d98a | OK
CYC 16_rand_03#overlap 17 | tb=0xff8b323ffc719558acb18672c57788ad246af3420f1dcaf15259ea23f7de7890c | model=0xff8b323ffc719558acb18672c57788ad246af3420f1dcaf15259ea23f7de7890c | OK
CYC 16_rand_03#overlap 18 | tb=0xbaa9c645b8ac150c9966135b7eb33d36b422c983f99bf64d0982182299106d6e | model=0xbaa9c645b8ac150c9966135b7eb33d36b422c983f99bf64d0982182299106d6e | OK
CYC 16_rand_03#overlap 19 | tb=0xbaa9c645b8ac150c9966135b7eb33d36b422c983f99bf64d0982182299106d6e | model=0xbaa9c645b8ac150c9966135b7eb33d36b422c983f99bf64d0982182299106d6e | OK
CYC 16_rand_03#overlap 20 | tb=0xbaa9c645b8ac150c9966135b7eb33d36b422c983f99bf64d0982182299106d6e | model=0xbaa9c645b8ac150c9966135b7eb33d36b422c983f99bf64d0982182299106d6e | OK
CYC 16_rand_03#overlap 21 | tb=0xbaa9c645b8ac150c9966135b7eb33d36b422c983f99bf64d0982182299106d6e | model=0xbaa9c645b8ac150c9966135b7eb33d36b422c983f99bf64d0982182299106d6e | OK
CYC 16_rand_03#serial 3 | tb=0xf9cbc90669c6aa07000000000000000000000000000000000000000000000000 | model=0xf9cbc90669c6aa07000000000000000000000000000000000000000000000000 | OK
CYC 16_rand_03#serial 4 | tb=0xf9cbc90669c6aa07000000000000000000000000000000000000000000000000 | model=0xf9cbc90669c6aa07000000000000000000000000000000000000000000000000 | OK
CYC 16_rand_03#serial 5 | tb=0xf9cbc90669c6aa07000000000000000000000000000000000000000000000000 | model=0xf9cbc90669c6aa07000000000000000000000000000000000000000000000000 | OK
CYC 16_rand_03#serial 6 | tb=0xf9cbc90669c6aa07000000000000000000000000000000000000000000000000 | model=0xf9cbc90669c6aa07000000000000000000000000000000000000000000000000 | OK
CYC 16_rand_03#serial 7 | tb=0xf9cbc90669c6aa07000000000000000000000000000000000000000000000000 | model=0xf9cbc90669c6aa07000000000000000000000000000000000000000000000000 | OK
CYC 16_rand_03#serial 8 | tb=0xf9cbc90669c6aa07000000000000000000000000000000000000000000000000 | model=0xf9cbc90669c6aa07000000000000000000000000000000000000000000000000 | OK
CYC 16_rand_03#serial 9 | tb=0xf9cbc90669c6aa07000000000000000000000000000000000000000000000000 | model=0xf9cbc90669c6aa07000000000000000000000000000000000000000000000000 | OK
CYC 16_rand_03#serial 10 | tb=0xf9cbc90669c6aa07000000000000000000000000000000000000000000000000 | model=0xf9cbc90669c6aa07000000000000000000000000000000000000000000000000 | OK
CYC 16_rand_03#serial 11 | tb=0xf9cbc90669c6aa07000000000000000000000000000000000000000000000000 | model=0xf9cbc90669c6aa07000000000000000000000000000000000000000000000000 | OK
CYC 16_rand_03#serial 12 | tb=0xf9cbc90669c6aa07000000000000000000000000000000000000000000000000 | model=0xf9cbc90669c6aa07000000000000000000000000000000000000000000000000 | OK
CYC 16_rand_03#serial 13 | tb=0xf9cbc90669c6aa07000000000000000000000000000000000000000000000000 | model=0xf9cbc90669c6aa07000000000000000000000000000000000000000000000000 | OK
CYC 16_rand_03#serial 14 | tb=0xf9cbc90669c6aa07000000000000000000000000000000000000000000000000 | model=0xf9cbc90669c6aa07000000000000000000000000000000000000000000000000 | OK
CYC 16_rand_03#serial 15 | tb=0xf9cbc90669c6aa07000000000000000000000000000000000000000000000000 | model=0xf9cbc90669c6aa07000000000000000000000000000000000000000000000000 | OK
CYC 16_rand_03#serial 16 | tb=0x141370b8361fd4b0381b38b86bfe6111a08e94cb8000000000000000000000000 | model=0x141370b8361fd4b0381b38b86bfe6111a08e94cb8000000000000000000000000 | OK
CYC 16_rand_03#serial 17 | tb=0x141370b83a9688d8079ea2c8341999ca0c8cf5dd2000000000000000000000000 | model=0x141370b83a9688d8079ea2c8341999ca0c8cf5dd2000000000000000000000000 | OK
CYC 16_rand_03#serial 18 | tb=0x14851b7a5ea4253439d9fcdc1bdb4ed1f09a92395ce12c0389829a214071aac22 | model=0x14851b7a5ea4253439d9fcdc1bdb4ed1f09a92395ce12c0389829a214071aac22 | OK
CYC 16_rand_03#serial 19 | tb=0x16c0758e4665da3c19d9fcdc1bdb4ed1f09a92395d2876695663c624c9f444e36 | model=0x16c0758e4665da3c19d9fcdc1bdb4ed1f09a92395d2876695663c624c9f444e36 | OK
CYC 16_rand_03#serial 20 | tb=0x9df498ac5f42f79ecf8d0d89258b4b0b028e777391ada0d2064959bf9acfa7da | model=0x9df498ac5f42f79ecf8d0d89258b4b0b028e777391ada0d2064959bf9acfa7da | OK
CYC 16_rand_03#serial 21 | tb=0x997ff24fc719558acb18672c57788ad26a64d55f15925053c56f93fc3adc9f4d | model=0x997ff24fc719558acb18672c57788ad26a64d55f15925053c56f93fc3adc9f4d | OK
CYC 16_rand_03#serial 22 | tb=0x398ce9c2c719558acb18672c57788ad246af3420f1dcaf154954437dfa02d98a | model=0x398ce9c2c719558acb18672c57788ad246af3420f1dcaf154954437dfa02d98a | OK
CYC 16_rand_03#serial 23 | tb=0xff8b323ffc719558acb18672c57788ad246af3420f1dcaf15259ea23f7de7890c | model=0xff8b323ffc719558acb18672c57788ad246af3420f1dcaf15259ea23f7de7890c | OK
CYC 16_rand_03#serial 24 | tb=0xbaa9c645b8ac150c9966135b7eb33d36b422c983f99bf64d0982182299106d6e | model=0xbaa9c645b8ac150c9966135b7eb33d36b422c983f99bf64d0982182299106d6e | OK
CYC 16_rand_03#serial 25 | tb=0xbaa9c645b8ac150c9966135b7eb33d36b422c983f99bf64d0982182299106d6e | model=0xbaa9c645b8ac150c9966135b7eb33d36b422c983f99bf64d0982182299106d6e | OK
CYC 16_rand_03#serial 26 | tb=0xbaa9c645b8ac150c9966135b7eb33d36b422c983f99bf64d0982182299106d6e | model=0xbaa9c645b8ac150c9966135b7eb33d36b422c983f99bf64d0982182299106d6e | OK
CYC 16_rand_03#serial 27 | tb=0xbaa9c645b8ac150c9966135b7eb33d36b422c983f99bf64d0982182299106d6e | model=0xbaa9c645b8ac150c9966135b7eb33d36b422c983f99bf64d0982182299106d6e | OK
CYC 16_rand_04#overlap 3 | tb=0x411d33a43dd2f2b2000000000000000000000000000000000000000000000000 | model=0x411d33a43dd2f2b2000000000000000000000000000000000000000000000000 | OK
CYC 16_rand_04#overlap 10 | tb=0x1a95af6bebd1ecc3eac6d25585dd625014f70b7b0000000000000000000000000 | model=0x1a95af6bebd1ecc3eac6d25585dd625014f70b7b0000000000000000000000000 | OK
CYC 16_rand_04#overlap 11 | tb=0x1a95af6c0255c8f592bb8fee50a434a59ad46dcb0000000000000000000000000 | model=0x1a95af6c0255c8f592bb8fee50a434a59ad46dcb0000000000000000000000000 | OK
CYC 16_rand_04#overlap 12 | tb=0x22cf9b34e7b932205dfd7e07249e93720037d6f5ce114a4d3f06908b2839ebc8e | model=0x22cf9b34e7b932205dfd7e07249e93720037d6f5ce114a4d3f06908b2839ebc8e | OK
CYC 16_rand_04#overlap 13 | tb=0x2e11894dbbb390ecbdfd7e07249e93720037d6f5d88cd00acd17dad867407c540 | model=0x2e11894dbbb390ecbdfd7e07249e93720037d6f5d88cd00acd17dad867407c540 | OK
CYC 16_rand_04#overlap 14 | tb=0x20003f008379a523cfec33b9e59802e6d7fdeb2cf32966e00a2929b05cc4f6968 | model=0x20003f008379a523cfec33b9e59802e6d7fdeb2cf32966e00a2929b05cc4f6968 | OK
CYC 16_rand_04#overlap 15 | tb=0x1584b942f4731498a570adfc5786b89998f75aa1cf2f0813a4c5c08599d6456e8 | model=0x1584b942f4731498a570adfc5786b89998f75aa1cf2f0813a4c5c08599d6456e8 | OK
CYC 16_rand_04#overlap 16 | tb=0x1296081af4731498a570adfc5786b8998db56c88f3ed19fad0cb61b93472dc43c | model=0x1296081af4731498a570adfc5786b8998db56c88f3ed19fad0cb61b93472dc43c | OK
CYC 16_rand_04#overlap 17 | tb=0xd329ef034731498a570adfc5786b8998db56c88f3ed19fac58973a060787d776 | model=0xd329ef034731498a570adfc5786b8998db56c88f3ed19fac58973a060787d776 | OK
CYC 16_rand_04#overlap 18 | tb=0x1c6f8831aa7e015ec4ef6ae45e16a6844c72639258c206caa0659ced10eb2459c | model=0x1c6f8831aa7e015ec4ef6ae45e16a6844c72639258c206caa0659ced10eb2459c | OK
CYC 16_rand_04#overlap 19 | tb=0xc6f8831ba7e015eb4ef6ae45e16a6844c72639248c206caa0659ced10eb2459d | model=0xc6f8831ba7e015eb4ef6ae45e16a6844c72639248c206caa0659ced10eb2459d | OK
CYC 16_rand_04#overlap 20 | tb=0xc6f8831ba7e015eb4ef6ae45e16a6844c72639248c206caa0659ced10eb2459d | model=0xc6f8831ba7e015eb4ef6ae45e16a6844c72639248c206caa0659ced10eb2459d | OK
CYC 16_rand_04#overlap 21 | tb=0xc6f8831ba7e015eb4ef6ae45e16a6844c72639248c206caa0659ced10eb2459d | model=0xc6f8831ba7e015eb4ef6ae45e16a6844c72639248c206caa0659ced10eb2459d | OK
CYC 16_rand_04#serial 3 | tb=0x411d33a43dd2f2b2000000000000000000000000000000000000000000000000 | model=0x411d33a43dd2f2b2000000000000000000000000000000000000000000000000 | OK
CYC 16_rand_04#serial 4 | tb=0x411d33a43dd2f2b2000000000000000000000000000000000000000000000000 | model=0x411d33a43dd2f2b2000000000000000000000000000000000000000000000000 | OK
CYC 16_rand_04#serial 5 | tb=0x411d33a43dd2f2b2000000000000000000000000000000000000000000000000 | model=0x411d33a43dd2f2b2000000000000000000000000000000000000000000000000 | OK
CYC 16_rand_04#serial 6 | tb=0x411d33a43dd2f2b2000000000000000000000000000000000000000000000000 | model=0x411d33a43dd2f2b2000000000000000000000000000000000000000000000000 | OK
CYC 16_rand_04#serial 7 | tb=0x411d33a43dd2f2b2000000000000000000000000000000000000000000000000 | model=0x411d33a43dd2f2b2000000000000000000000000000000000000000000000000 | OK
CYC 16_rand_04#serial 8 | tb=0x411d33a43dd2f2b2000000000000000000000000000000000000000000000000 | model=0x411d33a43dd2f2b2000000000000000000000000000000000000000000000000 | OK
CYC 16_rand_04#serial 9 | tb=0x411d33a43dd2f2b2000000000000000000000000000000000000000000000000 | model=0x411d33a43dd2f2b2000000000000000000000000000000000000000000000000 | OK
CYC 16_rand_04#serial 10 | tb=0x411d33a43dd2f2b2000000000000000000000000000000000000000000000000 | model=0x411d33a43dd2f2b2000000000000000000000000000000000000000000000000 | OK
CYC 16_rand_04#serial 11 | tb=0x411d33a43dd2f2b2000000000000000000000000000000000000000000000000 | model=0x411d33a43dd2f2b2000000000000000000000000000000000000000000000000 | OK
CYC 16_rand_04#serial 12 | tb=0x411d33a43dd2f2b2000000000000000000000000000000000000000000000000 | model=0x411d33a43dd2f2b2000000000000000000000000000000000000000000000000 | OK
CYC 16_rand_04#serial 13 | tb=0x411d33a43dd2f2b2000000000000000000000000000000000000000000000000 | model=0x411d33a43dd2f2b2000000000000000000000000000000000000000000000000 | OK
CYC 16_rand_04#serial 14 | tb=0x411d33a43dd2f2b2000000000000000000000000000000000000000000000000 | model=0x411d33a43dd2f2b2000000000000000000000000000000000000000000000000 | OK
CYC 16_rand_04#serial 15 | tb=0x411d33a43dd2f2b2000000000000000000000000000000000000000000000000 | model=0x411d33a43dd2f2b2000000000000000000000000000000000000000000000000 | OK
CYC 16_rand_04#serial 16 | tb=0x1a95af6bebd1ecc3eac6d25585dd625014f70b7b0000000000000000000000000 | model=0x1a95af6bebd1ecc3eac6d25585dd625014f70b7b0000000000000000000000000 | OK
CYC 16_rand_04#serial 17 | tb=0x1a95af6c0255c8f592bb8fee50a434a59ad46dcb0000000000000000000000000 | model=0x1a95af6c0255c8f592bb8fee50a434a59ad46dcb0000000000000000000000000 | OK
CYC 16_rand_04#serial 18 | tb=0x22cf9b34e7b932205dfd7e07249e93720037d6f5ce114a4d3f06908b2839ebc8e | model=0x22cf9b34e7b932205dfd7e07249e93720037d6f5ce114a4d3f06908b2839ebc8e | OK
CYC 16_rand_04#serial 19 | tb=0x2e11894dbbb390ecbdfd7e07249e93720037d6f5d88cd00acd17dad867407c540 | model=0x2e11894dbbb390ecbdfd7e07249e93720037d6f5d88cd00acd17dad867407c540 | OK
CYC 16_rand_04#serial 20 | tb=0x20003f008379a523cfec33b9e59802e6d7fdeb2cf32966e00a2929b05cc4f6968 | model=0x20003f008379a523cfec33b9e59802e6d7fdeb2cf32966e00a2929b05cc4f6968 | OK
CYC 16_rand_04#serial 21 | tb=0x1584b942f4731498a570adfc5786b89998f75aa1cf2f0813a4c5c08599d6456e8 | model=0x1584b942f4731498a570adfc5786b89998f75aa1cf2f0813a4c5c08599d6456e8 | OK
CYC 16_rand_04#serial 22 | tb=0x1296081af4731498a570adfc5786b8998db56c88f3ed19fad0cb61b93472dc43c | model=0x1296081af4731498a570adfc5786b8998db56c88f3ed19fad0cb61b93472dc43c | OK
CYC 16_rand_04#serial 23 | tb=0xd329ef034731498a570adfc5786b8998db56c88f3ed19fac58973a060787d776 | model=0xd329ef034731498a570adfc5786b8998db56c88f3ed19fac58973a060787d776 | OK
CYC 16_rand_04#serial 24 | tb=0x1c6f8831aa7e015ec4ef6ae45e16a6844c72639258c206caa0659ced10eb2459c | model=0x1c6f8831aa7e015ec4ef6ae45e16a6844c72639258c206caa0659ced10eb2459c | OK
CYC 16_rand_04#serial 25 | tb=0xc6f8831ba7e015eb4ef6ae45e16a6844c72639248c206caa0659ced10eb2459d | model=0xc6f8831ba7e015eb4ef6ae45e16a6844c72639248c206caa0659ced10eb2459d | OK
CYC 16_rand_04#serial 26 | tb=0xc6f8831ba7e015eb4ef6ae45e16a6844c72639248c206caa0659ced10eb2459d | model=0xc6f8831ba7e015eb4ef6ae45e16a6844c72639248c206caa0659ced10eb2459d | OK
CYC 16_rand_04#serial 27 | tb=0xc6f8831ba7e015eb4ef6ae45e16a6844c72639248c206caa0659ced10eb2459d | model=0xc6f8831ba7e015eb4ef6ae45e16a6844c72639248c206caa0659ced10eb2459d | OK
VECTORS: 21 向量 × 2 模式（overlap 21 次 / serial 21 次）；完成周期 overlap=c21 / serial=c27（各向量一致）
SAMPLES: 两模式采样点（h/LL/ACC130/k/wd）相同 21/21
TIMING: start 重试合计 42 次；补 tick 合计 0 次
STEP7 abort_mid_run_serial(c20): PASS（无写回、F/h/LL/ACC130 全清、busy=0）
STEP7 reset_mid_run_serial(c10): PASS（F/h/LL/ACC130 全清、busy=0）
CYC 01_zero#serial 3 | tb=0x0 | model=0x0 | OK
CYC 01_zero#serial 4 | tb=0x0 | model=0x0 | OK
CYC 01_zero#serial 5 | tb=0x0 | model=0x0 | OK
CYC 01_zero#serial 6 | tb=0x0 | model=0x0 | OK
CYC 01_zero#serial 7 | tb=0x0 | model=0x0 | OK
CYC 01_zero#serial 8 | tb=0x0 | model=0x0 | OK
CYC 01_zero#serial 9 | tb=0x0 | model=0x0 | OK
CYC 01_zero#serial 10 | tb=0x0 | model=0x0 | OK
CYC 01_zero#serial 11 | tb=0x0 | model=0x0 | OK
CYC 01_zero#serial 12 | tb=0x0 | model=0x0 | OK
CYC 01_zero#serial 13 | tb=0x0 | model=0x0 | OK
CYC 01_zero#serial 14 | tb=0x0 | model=0x0 | OK
CYC 01_zero#serial 15 | tb=0x0 | model=0x0 | OK
CYC 01_zero#serial 16 | tb=0x0 | model=0x0 | OK
CYC 01_zero#serial 17 | tb=0x0 | model=0x0 | OK
CYC 01_zero#serial 18 | tb=0x0 | model=0x0 | OK
CYC 01_zero#serial 19 | tb=0x0 | model=0x0 | OK
CYC 01_zero#serial 20 | tb=0x0 | model=0x0 | OK
CYC 01_zero#serial 21 | tb=0x0 | model=0x0 | OK
CYC 01_zero#serial 22 | tb=0x0 | model=0x0 | OK
CYC 01_zero#serial 23 | tb=0x0 | model=0x0 | OK
CYC 01_zero#serial 24 | tb=0x0 | model=0x0 | OK
CYC 01_zero#serial 25 | tb=0x0 | model=0x0 | OK
CYC 01_zero#serial 26 | tb=0x0 | model=0x0 | OK
CYC 01_zero#serial 27 | tb=0x0 | model=0x0 | OK
STEP7 reset_then_rerun_serial: PASS
CYC 03_p_minus_1_squared#serial 3 | tb=0x3fffffffc000000000000000000000000000000000000000000000000 | model=0x3fffffffc000000000000000000000000000000000000000000000000 | OK
CYC 03_p_minus_1_squared#serial 4 | tb=0x3fffffffc000000000000000000000000000000000000000000000000 | model=0x3fffffffc000000000000000000000000000000000000000000000000 | OK
CYC 03_p_minus_1_squared#serial 5 | tb=0x3fffffffc000000000000000000000000000000000000000000000000 | model=0x3fffffffc000000000000000000000000000000000000000000000000 | OK
CYC 03_p_minus_1_squared#serial 6 | tb=0x3fffffffc000000000000000000000000000000000000000000000000 | model=0x3fffffffc000000000000000000000000000000000000000000000000 | OK
CYC 03_p_minus_1_squared#serial 7 | tb=0x3fffffffc000000000000000000000000000000000000000000000000 | model=0x3fffffffc000000000000000000000000000000000000000000000000 | OK
CYC 03_p_minus_1_squared#serial 8 | tb=0x3fffffffc000000000000000000000000000000000000000000000000 | model=0x3fffffffc000000000000000000000000000000000000000000000000 | OK
CYC 03_p_minus_1_squared#serial 9 | tb=0x3fffffffc000000000000000000000000000000000000000000000000 | model=0x3fffffffc000000000000000000000000000000000000000000000000 | OK
CYC 03_p_minus_1_squared#serial 10 | tb=0x3fffffffc000000000000000000000000000000000000000000000000 | model=0x3fffffffc000000000000000000000000000000000000000000000000 | OK
CYC 03_p_minus_1_squared#serial 11 | tb=0x3fffffffc000000000000000000000000000000000000000000000000 | model=0x3fffffffc000000000000000000000000000000000000000000000000 | OK
CYC 03_p_minus_1_squared#serial 12 | tb=0x3fffffffc000000000000000000000000000000000000000000000000 | model=0x3fffffffc000000000000000000000000000000000000000000000000 | OK
CYC 03_p_minus_1_squared#serial 13 | tb=0x3fffffffc000000000000000000000000000000000000000000000000 | model=0x3fffffffc000000000000000000000000000000000000000000000000 | OK
CYC 03_p_minus_1_squared#serial 14 | tb=0x3fffffffc000000000000000000000000000000000000000000000000 | model=0x3fffffffc000000000000000000000000000000000000000000000000 | OK
CYC 03_p_minus_1_squared#serial 15 | tb=0x3fffffffc000000000000000000000000000000000000000000000000 | model=0x3fffffffc000000000000000000000000000000000000000000000000 | OK
CYC 03_p_minus_1_squared#serial 16 | tb=0x20000000000000001fffffffc0000000200000002000000000000000000000000 | model=0x20000000000000001fffffffc0000000200000002000000000000000000000000 | OK
CYC 03_p_minus_1_squared#serial 17 | tb=0x200000001fffffffe00000001fffffffe00000004000000000000000000000000 | model=0x200000001fffffffe00000001fffffffe00000004000000000000000000000000 | OK
CYC 03_p_minus_1_squared#serial 18 | tb=0x2fffffffefffffffd000000000000000100000002fffffffe00000001fffffffc | model=0x2fffffffefffffffd000000000000000100000002fffffffe00000001fffffffc | OK
CYC 03_p_minus_1_squared#serial 19 | tb=0x3fffffffcffffffff000000000000000100000002fffffffffffffffffffffffd | model=0x3fffffffcffffffff000000000000000100000002fffffffffffffffffffffffd | OK
CYC 03_p_minus_1_squared#serial 20 | tb=0x2fffffffe0000000200000001ffffffff0000000600000001fffffffefffffffc | model=0x2fffffffe0000000200000001ffffffff0000000600000001fffffffefffffffc | OK
CYC 03_p_minus_1_squared#serial 21 | tb=0x2fffffffd00000001000000000000000100000004ffffffff00000000fffffffb | model=0x2fffffffd00000001000000000000000100000004ffffffff00000000fffffffb | OK
CYC 03_p_minus_1_squared#serial 22 | tb=0x2fffffffc0000000100000000000000000000000600000000fffffffdfffffffd | model=0x2fffffffc0000000100000000000000000000000600000000fffffffdfffffffd | OK
CYC 03_p_minus_1_squared#serial 23 | tb=0x1fffffffe00000001000000000000000000000005fffffffffffffffffffffffb | model=0x1fffffffe00000001000000000000000000000005fffffffffffffffffffffffb | OK
CYC 03_p_minus_1_squared#serial 24 | tb=0x1fffffffe00000002000000000000000000000001ffffffffffffffffffffffff | model=0x1fffffffe00000002000000000000000000000001ffffffffffffffffffffffff | OK
CYC 03_p_minus_1_squared#serial 25 | tb=0xffffffff00000001000000000000000000000001000000000000000000000000 | model=0xffffffff00000001000000000000000000000001000000000000000000000000 | OK
CYC 03_p_minus_1_squared#serial 26 | tb=0x1 | model=0x1 | OK
CYC 03_p_minus_1_squared#serial 27 | tb=0x1 | model=0x1 | OK
CYC 03_p_minus_1_squared#overlap 3 | tb=0x3fffffffc000000000000000000000000000000000000000000000000 | model=0x3fffffffc000000000000000000000000000000000000000000000000 | OK
CYC 03_p_minus_1_squared#overlap 10 | tb=0x20000000000000001fffffffc0000000200000002000000000000000000000000 | model=0x20000000000000001fffffffc0000000200000002000000000000000000000000 | OK
CYC 03_p_minus_1_squared#overlap 11 | tb=0x200000001fffffffe00000001fffffffe00000004000000000000000000000000 | model=0x200000001fffffffe00000001fffffffe00000004000000000000000000000000 | OK
CYC 03_p_minus_1_squared#overlap 12 | tb=0x2fffffffefffffffd000000000000000100000002fffffffe00000001fffffffc | model=0x2fffffffefffffffd000000000000000100000002fffffffe00000001fffffffc | OK
CYC 03_p_minus_1_squared#overlap 13 | tb=0x3fffffffcffffffff000000000000000100000002fffffffffffffffffffffffd | model=0x3fffffffcffffffff000000000000000100000002fffffffffffffffffffffffd | OK
CYC 03_p_minus_1_squared#overlap 14 | tb=0x2fffffffe0000000200000001ffffffff0000000600000001fffffffefffffffc | model=0x2fffffffe0000000200000001ffffffff0000000600000001fffffffefffffffc | OK
CYC 03_p_minus_1_squared#overlap 15 | tb=0x2fffffffd00000001000000000000000100000004ffffffff00000000fffffffb | model=0x2fffffffd00000001000000000000000100000004ffffffff00000000fffffffb | OK
CYC 03_p_minus_1_squared#overlap 16 | tb=0x2fffffffc0000000100000000000000000000000600000000fffffffdfffffffd | model=0x2fffffffc0000000100000000000000000000000600000000fffffffdfffffffd | OK
CYC 03_p_minus_1_squared#overlap 17 | tb=0x1fffffffe00000001000000000000000000000005fffffffffffffffffffffffb | model=0x1fffffffe00000001000000000000000000000005fffffffffffffffffffffffb | OK
CYC 03_p_minus_1_squared#overlap 18 | tb=0x1fffffffe00000002000000000000000000000001ffffffffffffffffffffffff | model=0x1fffffffe00000002000000000000000000000001ffffffffffffffffffffffff | OK
CYC 03_p_minus_1_squared#overlap 19 | tb=0xffffffff00000001000000000000000000000001000000000000000000000000 | model=0xffffffff00000001000000000000000000000001000000000000000000000000 | OK
CYC 03_p_minus_1_squared#overlap 20 | tb=0x1 | model=0x1 | OK
CYC 03_p_minus_1_squared#overlap 21 | tb=0x1 | model=0x1 | OK
STEP7 mode_switch_no_stale: PASS（serial 一次 + overlap 一次，结果都对）
PASS - 0 errors / 2000 checks
Test ***PASSED*** all 21 vectors (dual-schedule)
